ticker,name,industry
495710,BNK 26-06 특수채(AAA이상)액티브,채권
466810,BNK 2차전지양극재,2차전지
457930,BNK 미래전략기술액티브,기타
487750,BNK 온디바이스AI,AI/소프트웨어
445690,BNK 주주가치액티브,기타
0120J0,BNK 카카오그룹포커스,기타
0112X0,마이티 200TR,지수추종
465780,마이티 26-09 특수채(AAA)액티브,채권
442260,마이티 다이나믹퀀트액티브,기타
0001P0,마이티 바이오시밀러&CDMO액티브,바이오/헬스
159800,마이티 코스피100,지수추종
472840,ITF 200,지수추종
0005G0,ITF K-AI반도체코어테크,반도체
0178H0,ITF 미국AI TOP10국채혼합50,AI/소프트웨어
0135Y0,ITF 중기종합채권(AA-이상)액티브,채권
361580,RISE 200TR,지수추종
290080,RISE 200고배당커버드콜ATM,고배당
284980,RISE 200금융,금융
252400,RISE 200선물레버리지,레버리지/인버스
252420,RISE 200선물인버스2X,레버리지/인버스
252410,RISE 200선물인버스,레버리지/인버스
475720,RISE 200위클리커버드콜,지수추종
148020,RISE 200,지수추종
0122W0,RISE 26-11 회사채(AA-이상)액티브,채권
465330,RISE 2차전지TOP10,2차전지
465350,RISE 2차전지TOP10인버스(합성),2차전지
422420,RISE 2차전지액티브,2차전지
105780,RISE 5대그룹주,금융
469070,RISE AI&로봇,AI/소프트웨어
0093A0,RISE AI반도체TOP10,반도체
0101N0,RISE AI전력인프라,AI/소프트웨어
427120,RISE AI플랫폼,AI/소프트웨어
477080,RISE CD금리액티브(합성),채권
290130,RISE ESG사회책임투자,친환경/신재생
367770,RISE 수소경제테마,친환경/신재생
326240,RISE IT플러스,AI/소프트웨어
385560,RISE KIS국고채30년Enhanced,채권
479520,RISE KOFR금리액티브(합성),채권
270800,RISE KQ고배당,고배당
292050,RISE KRX300,지수추종
388280,RISE K엔터&여행레저,게임/엔터
0013R0,RISE 테슬라미국채타겟커버드콜혼합(합성),글로벌/해외
234310,RISE V&S셀렉트밸류,기타
241390,RISE V&S셀렉트밸류채권혼합,채권
401170,RISE 메타버스,AI/소프트웨어
300640,RISE 게임테마,게임/엔터
266160,RISE 고배당,고배당
481430,RISE 국고채10년액티브,채권
282000,RISE 국고채3년선물인버스,채권
114100,RISE 국고채3년,채권
451670,RISE 국채30년레버리지(합성),레버리지/인버스
295020,RISE 국채선물10년인버스,채권
295000,RISE 국채선물10년,채권
432600,RISE 국채선물3년,채권
397420,RISE 국채선물5년추종,채권
0114X0,RISE 글로벌게임테크TOP3Plus,게임/엔터
437370,RISE 글로벌농업경제,농업
375270,RISE 글로벌데이터센터리츠(합성),AI/소프트웨어
475380,RISE 글로벌리얼티인컴,글로벌/해외
476310,RISE 글로벌비만산업TOP2+,글로벌/해외
417450,RISE 글로벌수소경제,친환경/신재생
442320,RISE 글로벌원자력,원자력
461490,RISE 글로벌자산배분액티브,글로벌/해외
459750,RISE 글로벌주식분산액티브,글로벌/해외
399580,RISE 글로벌클린에너지,친환경/신재생
276650,RISE 글로벌테크놀로지(합성 H),글로벌/해외
336160,RISE 금융채액티브,금융
326230,RISE 내수주플러스,기타
367760,RISE 네트워크인프라,건설/인프라
272560,RISE 단기국공채액티브,채권
385550,RISE 단기채권알파액티브,채권
196230,RISE 단기통안채,채권
0061Z0,RISE 단기특수은행채액티브,금융
315960,RISE 대형고배당10TR,고배당
0138D0,RISE 동학개미,기타
455890,RISE 머니마켓액티브,채권
481340,RISE 미국30년국채액티브,글로벌/해외
472870,RISE 미국30년국채엔화노출(합성 H),글로벌/해외
472830,RISE 미국30년국채커버드콜(합성),글로벌/해외
485690,RISE 미국AI밸류체인TOP3Plus,AI/소프트웨어
490590,RISE 미국AI밸류체인데일리고정커버드콜,AI/소프트웨어
0176E0,RISE 미국AI전력인프라액티브,AI/소프트웨어
0127R0,RISE 미국AI클라우드인프라,AI/소프트웨어
495940,RISE 미국AI테크액티브,AI/소프트웨어
0138T0,RISE 미국S&P500데일리고정커버드콜,글로벌/해외
0005C0,RISE 미국S&P500엔화노출(합성 H),글로벌/해외
379780,RISE 미국S&P500,글로벌/해외
453330,RISE 미국S&P500(H),글로벌/해외
460660,RISE 미국S&P배당킹,글로벌/해외
219390,RISE 미국S&P원유생산기업(합성 H),에너지/석유
0115C0,RISE 미국고배당다우존스TOP10,글로벌/해외
354240,RISE 미국고정배당우선증권,금융
368590,RISE 미국나스닥100,글로벌/해외
437350,RISE 미국단기투자등급회사채액티브,글로벌/해외
455960,RISE 미국달러SOFR금리액티브(합성),글로벌/해외
469530,RISE 미국달러선물인버스,글로벌/해외
469060,RISE 미국반도체NYSE,반도체
469050,RISE 미국반도체NYSE(H),반도체
491630,RISE 미국반도체인버스(합성 H),반도체
490600,RISE 미국배당100데일리고정커버드콜,글로벌/해외
0018Z0,RISE 미국양자컴퓨팅,글로벌/해외
0013P0,RISE 미국은행TOP10,금융
267490,RISE 미국장기국채선물레버리지(합성 H),글로벌/해외
267450,RISE 미국장기국채선물인버스(H),글로벌/해외
267440,RISE 미국장기국채선물(H),글로벌/해외
0036Z0,RISE 미국천연가스밸류체인,글로벌/해외
491620,RISE 미국테크100데일리고정커버드콜,글로벌/해외
0036R0,RISE 미국휴머노이드로봇,로봇/자율주행
0000Z0,RISE 바이오TOP10액티브,바이오/헬스
446700,RISE 배터리 리사이클링,2차전지
475350,RISE 버크셔포트폴리오TOP10,지수추종
388420,RISE 비메모리반도체액티브,반도체
448630,RISE 삼성그룹Top3채권혼합,채권
0162Z0,RISE 삼성전자SK하이닉스채권혼합50,채권
140570,RISE 수출주,기타
0093B0,RISE 엔비디아고정테크100,AI/소프트웨어
140580,RISE 우량업종대표주,기타
379790,RISE 유로스탁스50(H),글로벌/해외
498610,RISE 인도디지털성장,AI/소프트웨어
488480,RISE 일본섹터TOP4Plus,글로벌/해외
442550,RISE TDF2030액티브 적격,TDF/은퇴
442560,RISE TDF2040액티브 적격,TDF/은퇴
442570,RISE TDF2050액티브 적격,TDF/은퇴
385540,RISE 종합채권(A-이상)액티브,채권
183710,RISE 주식혼합,기타
310080,RISE 중국MSCI China(H),글로벌/해외
463300,RISE 중국본토CSI300,글로벌/해외
174360,RISE 중국본토대형주CSI100,글로벌/해외
136340,RISE 중기우량회사채,채권
281990,RISE 중소형고배당,고배당
272570,RISE 중장기국공채액티브,채권
0164G0,RISE 차이나AI반도체TOP4Plus,반도체
250730,RISE 차이나HSCEI(H),글로벌/해외
291680,RISE 차이나H선물인버스(H),글로벌/해외
0094L0,RISE 차이나테크TOP10위클리타겟커버드콜,글로벌/해외
371150,RISE 차이나항셍테크,글로벌/해외
183700,RISE 채권혼합,채권
498860,RISE 코리아금융고배당,금융
0094M0,RISE 코리아밸류업위클리고정커버드콜,지수추종
495050,RISE 코리아밸류업,기타
0151P0,RISE 코리아전략산업액티브,기타
278240,RISE 코스닥150선물레버리지,레버리지/인버스
275750,RISE 코스닥150선물인버스,레버리지/인버스
270810,RISE 코스닥150,지수추종
302450,RISE 코스피,지수추종
0047P0,RISE 테슬라고정테크100,기타
449580,RISE 테슬라애플아마존채권혼합,채권
334700,RISE 팔라듐선물인버스(H),원자재
334690,RISE 팔라듐선물(H),원자재
0047R0,RISE 팔란티어고정테크100,기타
253280,RISE 헬스케어,바이오/헬스
253290,RISE 헬스케어채권혼합,바이오/헬스
407310,HANARO 200 TOP10,지수추종
332930,HANARO 200TR,지수추종
304780,HANARO 200선물레버리지,레버리지/인버스
306520,HANARO 200선물인버스,레버리지/인버스
293180,HANARO 200,지수추종
0123S0,HANARO 26-12 은행채(AA+이상)액티브,금융
0091M0,HANARO 27-06 회사채(AA-이상)액티브,채권
448490,HANARO 32-10 국고채액티브,채권
454320,HANARO CAPEX설비투자iSelect,기타
395290,HANARO Fn K-POP&미디어,게임/엔터
395280,HANARO Fn K-게임,게임/엔터
368190,HANARO Fn K-뉴딜디지털플러스,AI/소프트웨어
402460,HANARO Fn K-메타버스MZ,AI/소프트웨어
395270,HANARO Fn K-반도체,반도체
438900,HANARO Fn K-푸드,기타
367740,HANARO Fn5G산업,통신/5G
407300,HANARO Fn골프테마,기타
381560,HANARO Fn전기&수소차,친환경/신재생
441540,HANARO Fn조선해운,철강/조선
381570,HANARO Fn친환경에너지,친환경/신재생
479850,HANARO K-뷰티,뷰티/화장품
453060,HANARO KOFR금리액티브(합성),채권
304760,HANARO KRX300,지수추종
322410,HANARO K고배당,고배당
0155N0,HANARO K휴머노이드테마TOP10,지수추종
332940,HANARO MSCI Korea TR,기타
322400,HANARO e커머스,기타
473640,HANARO 글로벌금채굴기업,글로벌/해외
354350,HANARO 글로벌럭셔리S&P(합성),글로벌/해외
461340,HANARO 글로벌생성형AI액티브,AI/소프트웨어
424460,HANARO 글로벌워터MSCI(합성),글로벌/해외
401590,HANARO 글로벌탄소배출권선물ICE(합성),글로벌/해외
0040S0,HANARO 글로벌피지컬AI액티브,AI/소프트웨어
314700,HANARO 농업융복합산업,농업
486830,HANARO 머니마켓액티브,채권
432840,HANARO 미국S&P500,글로벌/해외
498050,HANARO 바이오코리아액티브,바이오/헬스
476260,HANARO 반도체핵심공정주도주,반도체
434730,HANARO 원자력iSelect,원자력
0082F0,HANARO 유럽방산,방산/우주항공
491820,HANARO 전력설비투자,기타
461500,HANARO 종합채권(AA-이상)액티브,채권
0111J0,HANARO 증권고배당TOP3플러스,금융
495750,HANARO 코리아밸류업,기타
306530,HANARO 코스닥150선물레버리지,레버리지/인버스
304770,HANARO 코스닥150,지수추종
375760,HANARO 탄소효율그린뉴딜,기타
0007N0,아이엠에셋 200,기타
491510,파워 K-주주가치액티브,기타
140950,파워 코스피100,지수추종
152870,파워 200,기타
192720,파워 고배당저변동성,고배당
498180,파워 종합채권(AA-이상)액티브,채권
486240,DAISHIN343 AI반도체&인프라액티브,반도체
434960,DAISHIN343 K200,AI/소프트웨어
0174J0,DAISHIN343 오피스리츠플러스,AI/소프트웨어
0053M0,더제이 중소형포커스액티브,기타
488290,MIDAS 일본테크액티브,글로벌/해외
438740,MIDAS 중소형액티브,기타
403790,MIDAS 코스피액티브,지수추종
0139F0,TIGER 12월자동연장금융채(AA-이상)액티브,금융
310960,TIGER 200TR,지수추종
227550,TIGER 200 산업재,지수추종
227560,TIGER 200 생활소비재,음식료/식품
102110,TIGER 200,지수추종
243880,TIGER 200IT레버리지,레버리지/인버스
252000,TIGER 200동일가중,지수추종
267770,TIGER 200선물레버리지,레버리지/인버스
252710,TIGER 200선물인버스2X,레버리지/인버스
243890,TIGER 200에너지화학레버리지,에너지/석유
315270,TIGER 200커뮤니케이션서비스,지수추종
166400,TIGER 200커버드콜OTM,지수추종
0104N0,TIGER 200타겟위클리커버드콜,지수추종
227540,TIGER 200 헬스케어,바이오/헬스
480260,TIGER 27-04회사채(A+이상)액티브,채권
0094K0,TIGER 28-04 회사채(A+이상)액티브,채권
364980,TIGER 2차전지TOP10,2차전지
412570,TIGER 2차전지TOP10레버리지,2차전지
462010,TIGER 2차전지소재Fn,2차전지
305540,TIGER 2차전지테마,2차전지
471760,TIGER AI반도체핵심공정,반도체
365040,TIGER AI코리아그로스액티브,AI/소프트웨어
364960,TIGER BBIG,기타
412560,TIGER BBIG레버리지,레버리지/인버스
475630,TIGER CD1년금리액티브(합성),기타
357870,TIGER CD금리투자KIS(합성),채권
499660,TIGER CD금리플러스액티브(합성),채권
400970,TIGER Fn메타버스,AI/소프트웨어
377990,TIGER Fn신재생에너지,친환경/신재생
417630,TIGER KEDI혁신기업ESG30,친환경/신재생
292160,TIGER KRX300,지수추종
0072R0,TIGER KRX금현물,기타
404540,TIGER KRX기후변화솔루션,기타
300610,TIGER K게임,게임/엔터
138530,TIGER LG그룹플러스,기타
445910,TIGER MKF배당귀족,고배당
289260,TIGER MSCI KOREA ESG리더스,친환경/신재생
289250,TIGER MSCI KOREA ESG유니버설,친환경/신재생
310970,TIGER MSCI Korea TR,기타
0000D0,TIGER 엔비디아미국채커버드콜밸런스(합성),AI/소프트웨어
143850,TIGER 미국S&P500선물(H),글로벌/해외
269370,TIGER S&P글로벌인프라(합성),건설/인프라
453950,TIGER TSMC파운드리밸류체인,반도체
364990,TIGER 게임TOP10,게임/엔터
139280,TIGER 경기방어,기타
237440,TIGER 경기방어채권혼합,채권
319640,TIGER 골드선물(H),기타
160580,TIGER 구리실물,원자재
114820,TIGER 국채3년,기타
464310,TIGER 글로벌AI&로보틱스 INDXX,AI/소프트웨어
418670,TIGER 글로벌AI사이버보안,AI/소프트웨어
466950,TIGER 글로벌AI액티브,AI/소프트웨어
440340,TIGER 글로벌멀티에셋TIF액티브,글로벌/해외
476690,TIGER 글로벌비만치료제TOP2Plus,글로벌/해외
480310,TIGER 글로벌온디바이스AI,AI/소프트웨어
387270,TIGER 글로벌이노베이션액티브,글로벌/해외
371450,TIGER 글로벌클라우드컴퓨팅INDXX,AI/소프트웨어
248270,TIGER S&P글로벌헬스케어(합성),바이오/헬스
464930,TIGER 글로벌혁신블루칩TOP10,글로벌/해외
139320,TIGER 금은선물(H),원자재
0168K0,TIGER 기술이전바이오액티브,바이오/헬스
137610,TIGER 농산물선물Enhanced(H),음식료/식품
272580,TIGER 단기채권액티브,채권
157450,TIGER 단기통안채,채권
105010,TIGER 라틴35,기타
123320,TIGER 레버리지,레버리지/인버스
0086B0,TIGER 리츠부동산인프라TOP10액티브,리츠/부동산
341850,TIGER 리츠부동산인프라채권,리츠/부동산
329200,TIGER 리츠부동산인프라,리츠/부동산
0086C0,TIGER 리츠부동산인프라10채권혼합액티브,리츠/부동산
0043B0,TIGER 머니마켓액티브,채권
147970,TIGER 모멘텀,기타
458250,TIGER 미국30년국채스트립액티브(합성 H),글로벌/해외
0142D0,TIGER 미국AI데이터센터TOP4Plus,AI/소프트웨어
491830,TIGER 미국AI반도체팹리스,반도체
490090,TIGER 미국AI빅테크10,AI/소프트웨어
493810,TIGER 미국AI빅테크10타겟데일리커버드콜,AI/소프트웨어
0102A0,TIGER 미국AI소프트웨어TOP4Plus,AI/소프트웨어
0123G0,TIGER 미국AI전력SMR,AI/소프트웨어
488500,TIGER 미국S&P500동일가중,글로벌/해외
429000,TIGER 미국S&P500배당귀족,글로벌/해외
360750,TIGER 미국S&P500,글로벌/해외
448290,TIGER 미국S&P500(H),글로벌/해외
483240,TIGER 미국나스닥100ETF선물,글로벌/해외
418660,TIGER 미국나스닥100레버리지(합성),글로벌/해외
133690,TIGER 미국나스닥100,글로벌/해외
448300,TIGER 미국나스닥100(H),글로벌/해외
435420,TIGER 미국나스닥100채권혼합50,글로벌/해외
441680,TIGER 미국나스닥100커버드콜(합성),글로벌/해외
429010,TIGER 미국나스닥넥스트100,글로벌/해외
245340,TIGER 미국다우존스30,글로벌/해외
456610,TIGER 미국달러SOFR금리액티브(합성),글로벌/해외
329750,TIGER 미국달러단기채권액티브,글로벌/해외
261110,TIGER 미국달러선물레버리지,글로벌/해외
261120,TIGER 미국달러선물인버스2X,글로벌/해외
494840,TIGER 미국방산TOP10,방산/우주항공
458730,TIGER 미국배당다우존스,글로벌/해외
0008S0,TIGER 미국배당다우존스타겟데일리커버드콜,글로벌/해외
0015K0,TIGER 미국소비트렌드액티브,글로벌/해외
0183J0,TIGER 미국우주테크,방산/우주항공
305080,TIGER 미국채10년선물,글로벌/해외
0046A0,TIGER 미국초단기(3개월이하)국채,글로벌/해외
465670,TIGER 미국캐시카우100,글로벌/해외
381170,TIGER 미국테크TOP10 INDXX,글로벌/해외
472160,TIGER 미국테크TOP10 INDXX(H),글로벌/해외
472170,TIGER 미국테크TOP10채권혼합,글로벌/해외
458260,TIGER 미국투자등급회사채액티브(H),글로벌/해외
497570,TIGER 미국필라델피아AI반도체나스닥,반도체
381180,TIGER 미국필라델피아반도체나스닥,반도체
228810,TIGER 미디어컨텐츠,게임/엔터
364970,TIGER 바이오TOP10,바이오/헬스
091230,TIGER 반도체,반도체
488080,TIGER 반도체TOP10레버리지,반도체
396500,TIGER 반도체TOP10,반도체
0177R0,TIGER 반도체TOP10커버드콜액티브,반도체
138520,TIGER 삼성그룹,기타
157490,TIGER 소프트웨어,AI/소프트웨어
228800,TIGER 여행레저,기타
227570,TIGER 우량가치,기타
261140,TIGER 우선주,기타
130680,TIGER 원유선물Enhanced(H),에너지/석유
245350,TIGER 유로스탁스배당30,글로벌/해외
0189B0,TIGER 은액티브,기타
091220,TIGER 은행,금융
466940,TIGER 은행고배당플러스TOP10,금융
307510,TIGER 의료기기,바이오/헬스
453870,TIGER 인도니프티50,글로벌/해외
236350,TIGER 인도니프티50레버리지(합성),글로벌/해외
479730,TIGER 인도빌리언컨슈머,글로벌/해외
123310,TIGER 인버스,레버리지/인버스
365000,TIGER 인터넷TOP10,지수추종
241180,TIGER 일본니케이225,글로벌/해외
465660,TIGER 일본반도체FACTSET,반도체
292560,TIGER 일본엔선물,글로벌/해외
0025N0,TIGER TDF2045 적격,TDF/은퇴
494670,TIGER 조선TOP10,철강/조선
150460,TIGER 중국소비테마,글로벌/해외
302190,TIGER 중장기국채,기타
157500,TIGER 증권,금융
307520,TIGER 지주회사,기타
117690,TIGER 차이나항셍30,글로벌/해외
0067Y0,TIGER 차이나AI소프트웨어,AI/소프트웨어
245360,TIGER 차이나HSCEI,글로벌/해외
414780,TIGER 차이나과창판STAR50(합성),글로벌/해외
0067V0,TIGER 차이나글로벌리더스TOP3+,글로벌/해외
371470,TIGER 차이나바이오테크SOLACTIVE,바이오/헬스
396520,TIGER 차이나반도체FACTSET,반도체
371460,TIGER 차이나전기차SOLACTIVE,자동차/모빌리티
456680,TIGER 차이나전기차레버리지(합성),자동차/모빌리티
0133E0,TIGER 차이나증권,금융
396510,TIGER 차이나클린에너지SOLACTIVE,친환경/신재생
0047A0,TIGER 차이나테크TOP10,글로벌/해외
438320,TIGER 차이나항셍테크레버리지(합성 H),글로벌/해외
371160,TIGER 차이나항셍테크,글로벌/해외
0053L0,TIGER 차이나휴머노이드로봇,로봇/자율주행
0117V0,TIGER 코리아AI전력기기TOP3플러스,AI/소프트웨어
292150,TIGER 코리아TOP10,지수추종
0104P0,TIGER 코리아배당다우존스위클리커버드콜,글로벌/해외
0052D0,TIGER 코리아배당다우존스,글로벌/해외
496080,TIGER 코리아밸류업,기타
0091P0,TIGER 코리아원자력,원자력
0148J0,TIGER 코리아휴머노이드로봇산업,로봇/자율주행
233160,TIGER 코스닥150 레버리지,레버리지/인버스
232080,TIGER 코스닥150,지수추종
261060,TIGER 코스닥150IT,지수추종
261070,TIGER 코스닥150바이오테크,바이오/헬스
250780,TIGER 코스닥150선물인버스,레버리지/인버스
461580,TIGER 코스닥글로벌,글로벌/해외
277640,TIGER 코스피대형주,지수추종
277650,TIGER 코스피중형주,지수추종
277630,TIGER 코스피,지수추종
376410,TIGER 탄소효율그린뉴딜,기타
447770,TIGER 테슬라채권혼합Fn,채권
0060H0,TIGER 토탈월드스탁액티브,글로벌/해외
387280,TIGER 퓨처모빌리티액티브,자동차/모빌리티
449690,TIGER 한중반도체(합성),반도체
449680,TIGER 한중전기차(합성),자동차/모빌리티
143860,TIGER 헬스케어,바이오/헬스
138540,TIGER 현대차그룹플러스,기타
228790,TIGER 화장품,뷰티/화장품
394670,TIGER 글로벌리튬&2차전지SOLACTIVE(합성),2차전지
394660,TIGER 글로벌자율주행&전기차SOLACTIVE,로봇/자율주행
276000,TIGER 글로벌자원생산기업(합성 H),글로벌/해외
449170,TIGER KOFR금리액티브(합성),채권
458750,TIGER 미국배당다우존스타겟커버드콜1호,글로벌/해외
471780,TIGER 코리아테크액티브,기타
139260,TIGER 200 IT,지수추종
139220,TIGER 200 건설,건설/인프라
139290,TIGER 200 경기소비재,음식료/식품
139270,TIGER 200 금융,금융
139250,TIGER 200 에너지화학,에너지/석유
139230,TIGER 200 중공업,지수추종
139240,TIGER 200 철강소재,철강/조선
289480,TIGER 200커버드콜,지수추종
228820,TIGER KTOP30,기타
463250,TIGER K방산&우주,방산/우주항공
225060,TIGER 이머징마켓MSCI레버리지(합성 H),레버리지/인버스
182480,TIGER 미국MSCI리츠(합성 H),리츠/부동산
225040,TIGER 미국S&P500레버리지(합성 H),글로벌/해외
225030,TIGER 미국S&P500선물인버스(H),글로벌/해외
451530,TIGER 국고채30년스트립액티브,채권
491010,TIGER 글로벌AI전력인프라액티브,AI/소프트웨어
412770,TIGER 글로벌AI플랫폼액티브,AI/소프트웨어
203780,TIGER 미국나스닥바이오,바이오/헬스
182490,TIGER 단기선진하이일드(합성 H),기타
174350,TIGER 로우볼,기타
275980,TIGER 글로벌4차산업혁신기술(합성 H),글로벌/해외
476550,TIGER 미국30년국채커버드콜액티브(H),글로벌/해외
482730,TIGER 미국S&P500타겟데일리커버드콜,글로벌/해외
486290,TIGER 미국나스닥100타겟데일리커버드콜,글로벌/해외
458760,TIGER 미국배당다우존스타겟커버드콜2호,글로벌/해외
474220,TIGER 미국테크TOP10타겟커버드콜,글로벌/해외
211560,TIGER 배당성장,고배당
472150,TIGER 배당커버드콜액티브,고배당
438330,TIGER 우량회사채액티브,채권
217770,TIGER 원유선물인버스(H),에너지/석유
225050,TIGER 유로스탁스레버리지(합성 H),글로벌/해외
195930,TIGER 유로스탁스50(합성 H),글로벌/해외
195920,TIGER 일본TOPIX(합성 H),글로벌/해외
451540,TIGER 종합채권(AA-이상)액티브,채권
204480,TIGER 차이나CSI300레버리지(합성),글로벌/해외
217780,TIGER 차이나CSI300인버스(합성),글로벌/해외
192090,TIGER 차이나CSI300,글로벌/해외
210780,TIGER 코스피고배당,고배당
423920,TIGER 미국필라델피아반도체레버리지(합성),반도체
0098Z0,FOCUS 200,기타
0176P0,FOCUS AI반도체위클리고정커버드콜,반도체
448570,FOCUS AI코리아액티브,AI/소프트웨어
0073X0,FOCUS 알리바바미국채커버드콜혼합,글로벌/해외
285690,FOCUS ESG리더스,친환경/신재생
278530,KODEX 200TR,지수추종
226980,KODEX 200 중소형,지수추종
337160,KODEX 200ESG,친환경/신재생
363580,KODEX 200IT TR,지수추종
337150,KODEX 200exTOP,지수추종
223190,KODEX 200가치저변동,지수추종
237350,KODEX 코스피100,지수추종
252650,KODEX 200동일가중,지수추종
360140,KODEX 200롱코스닥150숏선물,지수추종
252670,KODEX 200선물인버스2X,레버리지/인버스
494890,KODEX 200액티브,지수추종
498400,KODEX 200타겟위클리커버드콜,지수추종
0117L0,KODEX 26-12 금융채(AA-이상)액티브,금융
473290,KODEX 26-12 회사채(AA-이상)액티브,채권
0007F0,KODEX 27-12 회사채(AA-이상)액티브,채권
0119H0,KODEX 28-12 회사채(AA-이상)액티브,채권
462330,KODEX 2차전지산업레버리지,2차전지
305720,KODEX 2차전지산업,2차전지
461950,KODEX 2차전지핵심소재10,2차전지
457690,KODEX 33-06 국고채액티브,채권
271060,KODEX 3대농산물선물(H),음식료/식품
457700,KODEX 53-09 국고채액티브,채권
395160,KODEX AI반도체,반도체
471990,KODEX AI반도체핵심장비,반도체
487240,KODEX AI전력핵심설비,AI/소프트웨어
481050,KODEX CD1년금리플러스액티브(합성),기타
459580,KODEX CD금리액티브(합성),채권
439860,KODEX ESG종합채권(A-이상)액티브,친환경/신재생
266370,KODEX IT,기타
101280,KODEX 일본TOPIX100,글로벌/해외
368680,KODEX K-뉴딜디지털플러스,AI/소프트웨어
423160,KODEX KOFR금리액티브(합성),채권
306950,KODEX KRX300레버리지,레버리지/인버스
292190,KODEX KRX300,지수추종
229720,KODEX KTOP30,기타
266360,KODEX K콘텐츠,게임/엔터
289040,KODEX MSCI KOREA ESG유니버설,친환경/신재생
156080,KODEX MSCI Korea,기타
278540,KODEX MSCI Korea TR,기타
251350,KODEX MSCI선진국,글로벌/해외
269420,KODEX S&P글로벌인프라(합성),건설/인프라
291890,KODEX MSCI EM선물(H),기타
329650,KODEX TRF3070,기타
329660,KODEX TRF5050,기타
329670,KODEX TRF7030,기타
395170,KODEX Top10동일가중,지수추종
315930,KODEX Top5PlusTR,기타
271050,KODEX WTI원유선물인버스(H),에너지/석유
261220,KODEX WTI원유선물(H),에너지/석유
468380,KODEX iShares미국하이일드액티브,글로벌/해외
275290,KODEX 가치주,기타
300950,KODEX 게임산업,게임/엔터
266390,KODEX 경기소비재,음식료/식품
279530,KODEX 고배당주,고배당
280940,KODEX 골드선물인버스(H),레버리지/인버스
132030,KODEX 골드선물(H),기타
138910,KODEX 구리선물(H),원자재
471230,KODEX 국고채10년액티브,채권
439870,KODEX 국고채30년액티브,채권
114260,KODEX 국고채3년,채권
292770,KODEX 국채선물3년인버스,채권
276990,KODEX 글로벌로봇(합성),로봇/자율주행
476070,KODEX 글로벌비만치료제TOP2 Plus,글로벌/해외
0064K0,KODEX 금액티브,기타
0089D0,KODEX 금융고배당TOP10,금융
498410,KODEX 금융고배당TOP10타겟위클리커버드콜,금융
0162M0,KODEX 금융채1~2년(AA-이상)PLUS액티브,금융
102960,KODEX 기계장비,기타
404260,KODEX 기후변화솔루션,기타
273140,KODEX 단기변동금리부채권액티브,채권
487950,KODEX 대만테크고배당다우존스,글로벌/해외
445290,KODEX 로봇액티브,로봇/자율주행
488770,KODEX 머니마켓액티브,채권
337120,KODEX 멀티팩터,기타
401470,KODEX 메타버스액티브,AI/소프트웨어
244620,KODEX 모멘텀Plus,기타
275280,KODEX 모멘텀주,기타
308620,KODEX 미국10년국채선물,글로벌/해외
0091C0,KODEX 미국10년국채액티브(H),글로벌/해외
484790,KODEX 미국30년국채액티브(H),글로벌/해외
304670,KODEX 미국30년국채울트라선물인버스(H),글로벌/해외
304660,KODEX 미국30년국채울트라선물(H),글로벌/해외
481060,KODEX 미국30년국채타겟커버드콜(합성 H),글로벌/해외
0173Y0,KODEX 미국AI광통신네트워크,AI/소프트웨어
0151S0,KODEX 미국AI반도체TOP3플러스,반도체
0041D0,KODEX 미국AI소프트웨어TOP10,AI/소프트웨어
487230,KODEX 미국AI전력핵심인프라,AI/소프트웨어
485540,KODEX 미국AI테크TOP10,AI/소프트웨어
483280,KODEX 미국AI테크TOP10타겟커버드콜,AI/소프트웨어
428560,KODEX 미국ETF산업Top10 Indxx,글로벌/해외
379800,KODEX 미국S&P500,글로벌/해외
453660,KODEX 미국S&P500경기소비재,음식료/식품
453650,KODEX 미국S&P500금융,금융
0005A0,KODEX 미국S&P500데일리커버드콜OTM,글로벌/해외
276970,KODEX 미국S&P500배당귀족커버드콜(합성 H),글로벌/해외
0026E0,KODEX 미국S&P500버퍼3월액티브,글로벌/해외
0068M0,KODEX 미국S&P500버퍼6월액티브,글로벌/해외
0089C0,KODEX 미국S&P500변동성확대시커버드콜,글로벌/해외
200030,KODEX 미국S&P500산업재(합성),글로벌/해외
0041E0,KODEX 미국S&P500액티브,글로벌/해외
218420,KODEX 미국S&P500에너지(합성),에너지/석유
463640,KODEX 미국S&P500유틸리티,글로벌/해외
449180,KODEX 미국S&P500(H),글로벌/해외
463690,KODEX 미국S&P500커뮤니케이션,글로벌/해외
463680,KODEX 미국S&P500테크놀로지,글로벌/해외
453630,KODEX 미국S&P500필수소비재,음식료/식품
453640,KODEX 미국S&P500헬스케어,바이오/헬스
0028X0,KODEX 미국금융테크액티브,금융
379810,KODEX 미국나스닥100,글로벌/해외
494300,KODEX 미국나스닥100데일리커버드콜OTM,글로벌/해외
409820,KODEX 미국나스닥100레버리지(합성 H),글로벌/해외
409810,KODEX 미국나스닥100선물인버스(H),글로벌/해외
304940,KODEX 미국나스닥100선물(H),글로벌/해외
449190,KODEX 미국나스닥100(H),글로벌/해외
411420,KODEX 미국나스닥AI테크액티브,AI/소프트웨어
455030,KODEX 미국달러SOFR금리액티브(합성),글로벌/해외
261250,KODEX 미국달러선물레버리지,글로벌/해외
261260,KODEX 미국달러선물인버스2X,글로벌/해외
261270,KODEX 미국달러선물인버스,글로벌/해외
261240,KODEX 미국달러선물,글로벌/해외
0144M0,KODEX 미국드론UAM TOP10,글로벌/해외
280930,KODEX 미국러셀2000(H),글로벌/해외
0048J0,KODEX 미국머니마켓액티브,글로벌/해외
390390,KODEX 미국반도체,반도체
489250,KODEX 미국배당다우존스,글로벌/해외
483290,KODEX 미국배당다우존스타겟커버드콜,글로벌/해외
441640,KODEX 미국배당커버드콜액티브,글로벌/해외
352560,KODEX 미국부동산리츠(H),리츠/부동산
314250,KODEX 미국빅테크10(H),글로벌/해외
473460,KODEX 미국서학개미,글로벌/해외
0144L0,KODEX 미국성장커버드콜액티브,글로벌/해외
390400,KODEX 미국스마트모빌리티S&P,자동차/모빌리티
0167Z0,KODEX 미국우주항공,방산/우주항공
0132H0,KODEX 미국원자력SMR,원자력
437080,KODEX 미국종합채권ESG액티브(H),친환경/신재생
419420,KODEX 미국클린에너지나스닥,친환경/신재생
491090,KODEX 미국테크TOP3플러스,글로벌/해외
0038A0,KODEX 미국휴머노이드로봇,로봇/자율주행
244580,KODEX 바이오,바이오/헬스
091160,KODEX 반도체,반도체
494310,KODEX 반도체레버리지,반도체
0100K0,KODEX 방산TOP10레버리지,방산/우주항공
0080G0,KODEX 방산TOP10,방산/우주항공
325020,KODEX 배당가치,고배당
244670,KODEX 밸류Plus,기타
102780,KODEX 삼성그룹,기타
0177N0,KODEX 삼성전자SK하이닉스채권혼합50,채권
448330,KODEX 삼성전자채권혼합,채권
325010,KODEX 성장주,기타
385510,KODEX 신재생에너지액티브,친환경/신재생
446690,KODEX 아시아AI반도체exChina액티브,반도체
437070,KODEX 아시아달러채권ESG플러스액티브,친환경/신재생
275300,KODEX 우량주,기타
0098F0,KODEX 원자력SMR,원자력
395150,KODEX 웹툰&드라마,기타
456250,KODEX 유럽명품TOP10 STOXX,글로벌/해외
400570,KODEX 유럽탄소배출권선물ICE(H),글로벌/해외
144600,KODEX 은선물(H),원자재
091170,KODEX 은행,금융
453820,KODEX 인도Nifty50레버리지(합성),글로벌/해외
453810,KODEX 인도Nifty50,글로벌/해외
0000H0,KODEX 인도Nifty미드캡100,글로벌/해외
477730,KODEX 인도타타그룹,글로벌/해외
352540,KODEX 일본부동산리츠(H),리츠/부동산
091180,KODEX 자동차,자동차/모빌리티
385520,KODEX 자율주행액티브,로봇/자율주행
363570,KODEX 장기종합채권(AA-이상)액티브,채권
433970,KODEX TDF2030액티브 적격,TDF/은퇴
433980,KODEX TDF2040액티브 적격,TDF/은퇴
434060,KODEX TDF2050액티브 적격,TDF/은퇴
0082V0,KODEX TDF2060액티브 적격,TDF/은퇴
0115D0,KODEX 조선TOP10,철강/조선
273130,KODEX 종합채권(AA-이상)액티브,채권
0153K0,KODEX 주주환원고배당주,고배당
102970,KODEX 증권,금융
419430,KODEX 차이나2차전지MSCI(합성),2차전지
0162L0,KODEX 차이나AI반도체TOP10,반도체
428510,KODEX 차이나AI테크액티브,AI/소프트웨어
283580,KODEX 차이나CSI300,글로벌/해외
169950,KODEX 차이나A50,글로벌/해외
204450,KODEX 차이나H레버리지(H),글로벌/해외
099140,KODEX 차이나H,글로벌/해외
415340,KODEX 차이나과창판STAR50(합성),글로벌/해외
256750,KODEX 차이나심천ChiNext(합성),글로벌/해외
0065G0,KODEX 차이나테크TOP10,글로벌/해외
372330,KODEX 차이나항셍테크,글로벌/해외
0048K0,KODEX 차이나휴머노이드로봇,로봇/자율주행
279540,KODEX 최소변동성,레버리지/인버스
445150,KODEX 친환경조선해운액티브,친환경/신재생
211900,KODEX 코리아배당성장,고배당
237370,KODEX 코리아배당성장채권혼합,채권
495850,KODEX 코리아밸류업,기타
0115E0,KODEX 코리아소버린AI,AI/소프트웨어
373490,KODEX 코리아혁신성장액티브,기타
229200,KODEX 코스닥150,지수추종
233740,KODEX 코스닥150레버리지,레버리지/인버스
360150,KODEX 코스닥150롱코스피200숏선물,지수추종
251340,KODEX 코스닥150선물인버스,레버리지/인버스
461450,KODEX 코스닥글로벌,글로벌/해외
226490,KODEX 코스피,지수추종
359210,KODEX 코스피TR,지수추종
337140,KODEX 코스피대형주,지수추종
138920,KODEX 콩선물(H),기타
244660,KODEX 퀄리티Plus,기타
375770,KODEX 탄소효율그린뉴딜,기타
459560,KODEX 테슬라밸류체인FactSet,기타
475080,KODEX 테슬라커버드콜채권혼합액티브,채권
266410,KODEX 필수소비재,음식료/식품
298770,KODEX 한국대만IT프리미어,글로벌/해외
476800,KODEX 한국부동산리츠인프라,리츠/부동산
450190,KODEX 한중반도체(합성),반도체
450180,KODEX 한중전기차(합성),자동차/모빌리티
266420,KODEX 헬스케어,바이오/헬스
364690,KODEX 혁신기술테마액티브,기타
069500,KODEX 200,지수추종
284430,KODEX 200미국채혼합,글로벌/해외
321410,KODEX 멀티에셋하이인컴(H),기타
219480,KODEX 미국S&P500선물(H),글로벌/해외
468370,KODEX iShares미국인플레이션국채액티브,글로벌/해외
468630,KODEX iShares미국투자등급회사채액티브,글로벌/해외
176950,KODEX 국채선물10년인버스,채권
152380,KODEX 국채선물10년,채권
117700,KODEX 건설,건설/인프라
214980,KODEX 단기채권PLUS,채권
153130,KODEX 단기채권,채권
122630,KODEX 레버리지,레버리지/인버스
185680,KODEX 미국S&P바이오(합성),바이오/헬스
140700,KODEX 보험,금융
213610,KODEX 삼성그룹밸류,기타
117460,KODEX 에너지화학,에너지/석유
140710,KODEX 운송,운송/물류
114800,KODEX 인버스,레버리지/인버스
117680,KODEX 철강,철강/조선
487130,KoAct AI인프라액티브,AI/소프트웨어
0074K0,KoAct K수출핵심기업TOP30액티브,기타
471040,KoAct 글로벌AI&로봇액티브,AI/소프트웨어
0174B0,KoAct 글로벌AI메모리반도체액티브,반도체
0132D0,KoAct 글로벌K컬처밸류체인액티브,글로벌/해외
0020H0,KoAct 글로벌양자컴퓨팅액티브,글로벌/해외
475070,KoAct 글로벌친환경전력인프라액티브,친환경/신재생
0015B0,KoAct 미국나스닥성장기업액티브,글로벌/해외
0104H0,KoAct 미국나스닥채권혼합50액티브,글로벌/해외
0186L0,KoAct 미국로봇피지컬AI액티브,AI/소프트웨어
0113G0,KoAct 미국바이오헬스케어액티브,바이오/헬스
497780,KoAct 미국천연가스인프라액티브,건설/인프라
490330,KoAct 미국치매&뇌질환치료제액티브,글로벌/해외
462900,KoAct 바이오헬스케어액티브,바이오/헬스
482030,KoAct 반도체&2차전지핵심소재액티브,반도체
476850,KoAct 배당성장액티브,고배당
0051A0,KoAct 브로드컴밸류체인액티브,기타
0150K0,KoAct 수소전력ESS인프라액티브,친환경/신재생
0154H0,KoAct 차이나바이오헬스케어액티브,바이오/헬스
495230,KoAct 코리아밸류업액티브,기타
0163Y0,KoAct 코스닥액티브,지수추종
0093D0,KoAct 팔란티어밸류체인액티브,기타
411540,SOL 200 Top10,지수추종
295040,SOL 200TR,지수추종
0167B0,SOL 200타겟위클리커버드콜,지수추종
488980,SOL 26-12 회사채(AA-이상)액티브,채권
0092C0,SOL 27-12 회사채(AA-이상)액티브,채권
455860,SOL 2차전지소부장Fn,2차전지
0167A0,SOL AI반도체TOP2플러스,반도체
455850,SOL AI반도체소부장,반도체
497880,SOL CD금리&머니마켓액티브,채권
363510,SOL KIS단기통안채,채권
292500,SOL KRX300,지수추종
404650,SOL KRX기후변화솔루션,기타
490480,SOL K방산,방산/우주항공
438570,SOL 국고채10년,채권
474390,SOL 국고채30년액티브,채권
438560,SOL 국고채3년,채권
0022T0,SOL 국제금커버드콜액티브,기타
0066W0,SOL 국제금,기타
423170,SOL 글로벌AI반도체탑픽액티브,반도체
400590,SOL 글로벌탄소배출권선물ICE(합성),글로벌/해외
484880,SOL 금융지주플러스고배당,금융
484890,SOL 머니마켓액티브,채권
461600,SOL 미국30년국채액티브(H),글로벌/해외
473330,SOL 미국30년국채커버드콜(합성),글로벌/해외
494210,SOL 미국500타겟데일리커버드콜액티브,글로벌/해외
479620,SOL 미국AI반도체칩메이커,반도체
481180,SOL 미국AI소프트웨어,AI/소프트웨어
486450,SOL 미국AI전력인프라,AI/소프트웨어
433330,SOL 미국S&P500,글로벌/해외
399110,SOL 미국S&P500ESG,친환경/신재생
0080X0,SOL 미국S&P500미국채혼합50,글로벌/해외
499150,SOL 미국S&P500엔화노출(H),글로벌/해외
447620,SOL 미국TOP5채권혼합50,글로벌/해외
476030,SOL 미국나스닥100,글로벌/해외
0118S0,SOL 미국넥스트테크TOP10액티브,글로벌/해외
493420,SOL 미국배당다우존스2호,글로벌/해외
446720,SOL 미국배당다우존스,글로벌/해외
490490,SOL 미국배당미국채혼합50,글로벌/해외
0023A0,SOL 미국양자컴퓨팅TOP10,글로벌/해외
0181L0,SOL 미국우주항공TOP10,방산/우주항공
0051G0,SOL 미국원자력SMR,원자력
481190,SOL 미국테크TOP10,글로벌/해외
475300,SOL 반도체전공정,반도체
475310,SOL 반도체후공정,반도체
0152E0,SOL 배당성향탑픽액티브,고배당
400580,SOL 유럽탄소배출권선물S&P(H),글로벌/해외
464610,SOL 의료기기소부장Fn,바이오/헬스
466930,SOL 자동차TOP3플러스,자동차/모빌리티
464600,SOL 자동차소부장Fn,자동차/모빌리티
0005D0,SOL 전고체배터리&실리콘음극재,2차전지
0080Y0,SOL 조선TOP3플러스레버리지,철강/조선
466920,SOL 조선TOP3플러스,철강/조선
0141S0,SOL 조선기자재,철강/조선
0141T0,SOL 중기종합채권(AA-이상)액티브,채권
0016X0,SOL 중단기회사채(A-이상)액티브,채권
220130,SOL 차이나강소기업CSI500(합성 H),글로벌/해외
0131A0,SOL 차이나소비트렌드,글로벌/해외
415760,SOL 차이나육성산업액티브(합성),글로벌/해외
413220,SOL 차이나태양광CSI(합성),친환경/신재생
469830,SOL 초단기채권액티브,채권
0105E0,SOL 코리아고배당,고배당
444200,SOL 코리아메가테크액티브,기타
495550,SOL 코리아밸류업TR,기타
450910,SOL 코스닥150,지수추종
0040X0,SOL 팔란티어미국채커버드콜혼합,글로벌/해외
0040Y0,SOL 팔란티어커버드콜OTM채권혼합,채권
0105D0,SOL 한국AI소프트웨어,AI/소프트웨어
0092B0,SOL 한국원자력SMR,원자력
429980,SOL 한국형글로벌전기차&2차전지액티브,2차전지
0008T0,SOL 화장품TOP3플러스,뷰티/화장품
452360,SOL 미국배당다우존스(H),글로벌/해외
436140,SOL 종합채권(AA-이상)액티브,채권
462340,에셋플러스 글로벌다이나믹시니어액티브,글로벌/해외
433220,에셋플러스 글로벌대장장이액티브,글로벌/해외
451150,에셋플러스 글로벌영에이지액티브,글로벌/해외
477490,에셋플러스 글로벌일등기업포커스10액티브,글로벌/해외
407830,에셋플러스 글로벌플랫폼액티브,글로벌/해외
0002C0,에셋플러스 인도일등기업포커스20액티브,글로벌/해외
474920,에셋플러스 차이나일등기업포커스10액티브,글로벌/해외
442090,에셋플러스 코리아대장장이액티브,기타
407820,에셋플러스 코리아플랫폼액티브,기타
448100,WON 200,기타
413930,WON AI ESG액티브,AI/소프트웨어
0088N0,WON K-글로벌수급상위,글로벌/해외
458030,WON 국공채머니마켓액티브,채권
426150,WON 대한민국국고채액티브,채권
0177A0,WON 두산그룹포커스,기타
444490,WON 미국S&P500,글로벌/해외
489290,WON 미국빌리어네어,글로벌/해외
440910,WON 미국우주항공방산,방산/우주항공
474590,WON 반도체밸류체인액티브,반도체
496020,WON 전단채플러스액티브,기타
488720,WON 종합채권(AA-이상)액티브,채권
0154F0,WON 초대형IB&금융지주,금융
480460,WON 한국부동산TOP3플러스,리츠/부동산
108590,TREX 200,기타
145850,TREX 펀더멘탈 200,기타
483570,KCGI 미국S&P500 TOP10,글로벌/해외
153270,KIWOOM 코스피100,지수추종
167860,KIWOOM 국고채10년레버리지,채권
148070,KIWOOM 국고채10년,채권
069660,KIWOOM 200,기타
294400,KIWOOM 200TR,지수추종
253250,KIWOOM 200선물레버리지,레버리지/인버스
253230,KIWOOM 200선물인버스2X,레버리지/인버스
253240,KIWOOM 200선물인버스,레버리지/인버스
464240,KIWOOM 26-09회사채(AA-이상)액티브,채권
458210,KIWOOM CD금리액티브(합성),채권
488200,KIWOOM K-2차전지북미공급망,2차전지
488210,KIWOOM K-반도체북미공급망,반도체
100910,KIWOOM KRX100,기타
200250,KIWOOM 인도Nifty50(합성),글로벌/해외
0084E0,KIWOOM 미국대형주500월간목표헤지액티브,글로벌/해외
0084D0,KIWOOM 미국테크100월간목표헤지액티브,글로벌/해외
114470,KIWOOM 국고채3년,채권
471460,KIWOOM 국고채30년액티브,채권
473490,KIWOOM 글로벌AI반도체,반도체
489860,KIWOOM 글로벌전력GRID인프라,건설/인프라
130730,KIWOOM 단기자금,기타
419890,KIWOOM 단기채권ESG액티브,친환경/신재생
411860,KIWOOM 독일DAX,기타
476450,KIWOOM 머니마켓액티브,채권
430500,KIWOOM 물가채KIS,기타
0127V0,KIWOOM 미국S&P500 TOP10&배당다우비중전환,글로벌/해외
0137W0,KIWOOM 미국S&P500&GOLD,글로벌/해외
0127T0,KIWOOM 미국S&P500&배당다우존스비중전환,글로벌/해외
0137V0,KIWOOM 미국S&P500모멘텀,글로벌/해외
449770,KIWOOM 미국S&P500,글로벌/해외
449780,KIWOOM 미국S&P500(H),글로벌/해외
0107F0,KIWOOM 미국고배당&AI테크,AI/소프트웨어
453080,KIWOOM 미국나스닥100(H),글로벌/해외
460270,KIWOOM 미국달러SOFR금리액티브(합성),글로벌/해외
230480,KIWOOM 미국달러선물인버스2X,글로벌/해외
225800,KIWOOM 미국달러선물레버리지,글로벌/해외
139660,KIWOOM 미국달러선물인버스,글로벌/해외
138230,KIWOOM 미국달러선물,글로벌/해외
373790,KIWOOM 미국방어배당성장나스닥,글로벌/해외
483030,KIWOOM 미국블록버스터바이오테크의약품+,바이오/헬스
459790,KIWOOM 미국성장기업30액티브,글로벌/해외
0174R0,KIWOOM 미국성장다우존스,글로벌/해외
498270,KIWOOM 미국양자컴퓨팅,글로벌/해외
474800,KIWOOM 미국원유에너지기업,에너지/석유
104520,KIWOOM 블루칩,기타
0183V0,KIWOOM 삼성전자&SK하이닉스채권혼합50,채권
0015E0,KIWOOM 엔비디아미국30년국채혼합액티브(H),AI/소프트웨어
483020,KIWOOM 의료AI,AI/소프트웨어
435530,KIWOOM TDF2030액티브 적격,TDF/은퇴
435540,KIWOOM TDF2040액티브 적격,TDF/은퇴
435550,KIWOOM TDF2050액티브 적격,TDF/은퇴
454780,KIWOOM 종합채권(AA-이상)액티브,채권
454180,KIWOOM 차이나내수소비TOP CSI,친환경/신재생
104530,KIWOOM 코리아고배당,고배당
496090,KIWOOM 코리아밸류업,기타
469790,KIWOOM 코리아테크TOP10,지수추종
291630,KIWOOM 코스닥150선물레버리지,레버리지/인버스
291620,KIWOOM 코스닥150선물인버스,레버리지/인버스
316670,KIWOOM 코스닥150,지수추종
122260,KIWOOM 통안채1년,채권
0015F0,KIWOOM 팔란티어미국30년국채혼합액티브(H),글로벌/해외
0097L0,KIWOOM 한국고배당&미국AI테크,AI/소프트웨어
441800,TIME Korea플러스배당액티브,고배당
463050,TIME K바이오액티브,바이오/헬스
404120,TIME K신재생에너지액티브,친환경/신재생
385710,TIME K이노베이션액티브,기타
410870,TIME K컬처액티브,기타
456600,TIME 글로벌AI인공지능액티브,AI/소프트웨어
485810,TIME 글로벌바이오액티브,바이오/헬스
494180,TIME 글로벌소비트렌드액티브,글로벌/해외
478150,TIME 글로벌우주테크&방산액티브,방산/우주항공
0113D0,TIME 글로벌탑픽액티브,글로벌/해외
426020,TIME 미국S&P500액티브,글로벌/해외
426030,TIME 미국나스닥100액티브,글로벌/해외
0019K0,TIME 미국나스닥100채권혼합50액티브,글로벌/해외
0036D0,TIME 미국배당다우존스액티브,글로벌/해외
0043Y0,TIME 차이나AI테크액티브,AI/소프트웨어
495060,TIME 코리아밸류업액티브,기타
0162Y0,TIME 코스닥액티브,지수추종
385720,TIME 코스피액티브,지수추종
472720,TRUSTON 주주가치액티브,기타
496130,TRUSTON 코리아밸류업액티브,기타
451060,1Q 200액티브,기타
0184E0,1Q 200채권혼합50액티브,채권
491610,1Q CD금리액티브(합성),채권
0182R0,1Q K반도체TOP2+,반도체
0182S0,1Q K반도체TOP2채권혼합50,반도체
0103T0,1Q K소버린AI,AI/소프트웨어
463290,1Q 단기금융채액티브,금융
0131W0,1Q 단기특수은행채액티브,금융
479080,1Q 머니마켓액티브,채권
0052S0,1Q 미국S&P500미국채혼합50액티브,글로벌/해외
0026S0,1Q 미국S&P500,글로벌/해외
0111P0,1Q 미국나스닥100미국채혼합50액티브,글로벌/해외
0069M0,1Q 미국나스닥100,글로벌/해외
0083S0,1Q 미국메디컬AI,바이오/헬스
0004G0,1Q 미국배당TOP30,글로벌/해외
0131V0,1Q 미국우주항공테크,방산/우주항공
0094X0,1Q 샤오미밸류체인액티브,기타
0172V0,1Q 은액티브,기타
0017Y0,1Q 종합채권(AA-이상)액티브,채권
0052T0,1Q 중단기회사채(A-이상)액티브,채권
495330,1Q 코리아밸류업,기타
0186S0,1Q 코스닥150채권혼합50액티브,채권
492500,1Q 현대차그룹채권(A+이상)&국고통안,채권
422260,VITA MZ소비액티브,기타
452440,VITA 밸류알파액티브,기타
473440,ACE 11월만기자동연장회사채AA-이상액티브,채권
332500,ACE 200TR,지수추종
105190,ACE 200,기타
461270,ACE 26-06 회사채(AA-이상)액티브,채권
475260,ACE 2월만기자동연장회사채AA-이상액티브,채권
385600,ACE 2차전지&친환경차액티브,2차전지
475270,ACE 5월만기자동연장회사채AA-이상액티브,채권
475280,ACE 8월만기자동연장회사채AA-이상액티브,채권
469150,ACE AI반도체TOP3+,반도체
0079X0,ACE BYD밸류체인액티브,기타
385590,ACE ESG액티브,친환경/신재생
475050,ACE KPOP포커스,기타
411060,ACE KRX금현물,기타
0172Y0,ACE K수출핵심TOP10산업액티브,지수추종
0177X0,ACE K휴머노이드로봇산업TOP2+,로봇/자율주행
291130,ACE MSCI멕시코(합성),기타
256440,ACE MSCI인도네시아(합성),글로벌/해외
261920,ACE MSCI필리핀(합성),기타
0021C0,ACE TDF장기자산배분액티브,TDF/은퇴
0139P0,ACE 고배당주,고배당
225130,ACE 골드선물 레버리지(합성 H),레버리지/인버스
483340,ACE 구글밸류체인액티브,기타
114460,ACE 국고채3년,채권
365780,ACE 국고채10년,채권
494340,ACE 글로벌AI맞춤형반도체,반도체
446770,ACE 글로벌반도체TOP4 Plus,반도체
435040,ACE 글로벌브랜드TOP10,글로벌/해외
497510,ACE 글로벌빅파마,글로벌/해외
460960,ACE 글로벌인컴TOP10,글로벌/해외
414270,ACE 글로벌자율주행액티브,로봇/자율주행
190620,ACE 단기통안채,채권
440640,ACE 단기채권알파액티브,채권
494330,ACE 라이프자산주주가치액티브,기타
265690,ACE 러시아MSCI(합성),기타
152500,ACE 레버리지,레버리지/인버스
0153P0,ACE 리츠부동산인프라액티브,리츠/부동산
483330,ACE 마이크로소프트밸류체인액티브,기타
487340,ACE 머니마켓액티브,채권
0085P0,ACE 미국10년국채액티브,글로벌/해외
0085N0,ACE 미국10년국채액티브(H),글로벌/해외
452250,ACE 미국30년국채선물레버리지(합성 H),글로벌/해외
476760,ACE 미국30년국채액티브,글로벌/해외
453850,ACE 미국30년국채액티브(H),글로벌/해외
476750,ACE 미국30년국채엔화노출액티브(H),글로벌/해외
480030,ACE 미국500데일리타겟커버드콜(합성),글로벌/해외
0118Z0,ACE 미국AI테크핵심산업액티브,AI/소프트웨어
280320,ACE 미국IT인터넷(합성 H),글로벌/해외
438080,ACE 미국S&P500미국채혼합50액티브,글로벌/해외
360200,ACE 미국S&P500,글로벌/해외
0155M0,ACE 미국SMR원자력TOP10,원자력
309230,ACE 미국WideMoat동일가중,글로벌/해외
438100,ACE 미국나스닥100미국채혼합50액티브,글로벌/해외
367380,ACE 미국나스닥100,글로벌/해외
456880,ACE 미국달러SOFR금리(합성),글로벌/해외
440650,ACE 미국달러단기채권액티브,글로벌/해외
0127M0,ACE 미국대형가치주액티브,글로벌/해외
0127P0,ACE 미국대형성장주액티브,글로벌/해외
480040,ACE 미국반도체데일리타겟커버드콜(합성),반도체
402970,ACE 미국배당다우존스,글로벌/해외
0049M0,ACE 미국배당퀄리티+커버드콜액티브,글로벌/해외
0046Y0,ACE 미국배당퀄리티,글로벌/해외
0049K0,ACE 미국배당퀄리티채권혼합50,글로벌/해외
181480,ACE 미국부동산리츠(합성 H),리츠/부동산
480020,ACE 미국빅테크7+데일리타겟커버드콜(합성),글로벌/해외
465610,ACE 미국빅테크TOP7 Plus레버리지(합성),글로벌/해외
465620,ACE 미국빅테크TOP7 Plus인버스(합성),글로벌/해외
465580,ACE 미국빅테크TOP7 Plus,글로벌/해외
0180V0,ACE 미국우주테크액티브,방산/우주항공
473590,ACE 미국주식베스트셀러,글로벌/해외
0008E0,ACE 미국중심중소형제조업,글로벌/해외
391600,ACE 미국친환경그린테마,친환경/신재생
455660,ACE 미국하이일드액티브(H),글로벌/해외
245710,ACE 베트남VN30(합성),글로벌/해외
131890,ACE 삼성그룹동일가중,기타
108450,ACE 삼성그룹섹터가중,기타
226380,ACE Fn성장소비주도주,기타
316300,ACE 싱가포르리츠,리츠/부동산
277540,ACE 아시아TOP50,기타
483420,ACE 애플밸류체인액티브,기타
483320,ACE 엔비디아밸류체인액티브,AI/소프트웨어
448540,ACE 엔비디아채권혼합,AI/소프트웨어
0099L0,ACE 우량회사채(AA-이상)액티브,채권
433500,ACE 원자력TOP10,원자력
0102X0,ACE 유럽방산TOP10,방산/우주항공
487920,ACE 인도시장대표BIG5그룹액티브,글로벌/해외
487910,ACE 인도컨슈머파워액티브,글로벌/해외
145670,ACE 인버스,레버리지/인버스
497520,ACE 일라이릴리밸류체인,기타
196030,ACE 일본TOPIX레버리지(H),글로벌/해외
238720,ACE 일본Nikkei225(H),글로벌/해외
469160,ACE 일본반도체,반도체
205720,ACE 일본TOPIX인버스(합성 H),글로벌/해외
0021D0,ACE TDF2030액티브 적격,TDF/은퇴
0021E0,ACE TDF2050액티브 적격,TDF/은퇴
356540,ACE 종합채권(AA-이상)액티브,채권
447430,ACE 주주환원가치주액티브,기타
416090,ACE 중국과창판STAR50,글로벌/해외
168580,ACE 중국본토CSI300,글로벌/해외
219900,ACE 중국본토CSI300레버리지(합성),글로벌/해외
272910,ACE 중장기국공채액티브,채권
0087F0,ACE 차이나AI빅테크TOP2+액티브,AI/소프트웨어
371870,ACE 차이나항셍테크,글로벌/해외
380340,ACE 코리아AI테크핵심산업,AI/소프트웨어
496120,ACE 코리아밸류업,기타
354500,ACE 코스닥150,지수추종
305050,ACE 코스피,지수추종
457480,ACE 테슬라밸류체인액티브,기타
469170,ACE 포스코그룹포커스,기타
491220,PLUS 200TR,지수추종
152100,PLUS 200,지수추종
253150,PLUS 200선물레버리지,레버리지/인버스
253160,PLUS 200선물인버스2X,레버리지/인버스
395750,PLUS ESG가치주액티브,친환경/신재생
395760,PLUS ESG성장주액티브,친환경/신재생
453010,PLUS KOFR금리,채권
227830,PLUS 코스피,지수추종
122090,PLUS 코스피50,지수추종
429740,PLUS K리츠,리츠/부동산
0104G0,PLUS K방산레버리지,방산/우주항공
0090B0,PLUS K방산소부장,방산/우주항공
449450,PLUS K방산,방산/우주항공
0166S0,PLUS K제조업핵심기업액티브,기타
269540,PLUS 미국S&P500(H),글로벌/해외
269530,PLUS S&P글로벌인프라,건설/인프라
251590,PLUS 고배당저변동50,고배당
161510,PLUS 고배당주,고배당
0018C0,PLUS 고배당주위클리고정커버드콜,고배당
489030,PLUS 고배당주위클리커버드콜,고배당
251600,PLUS 고배당주채권혼합,채권
461460,PLUS 국고채10년액티브,채권
451600,PLUS 국고채30년액티브,채권
491230,PLUS 국공채머니마켓액티브,채권
289670,PLUS 국채선물10년,채권
298340,PLUS 국채선물3년,채권
489010,PLUS 글로벌AI인프라,AI/소프트웨어
442580,PLUS 글로벌HBM반도체,반도체
496770,PLUS 글로벌방산,방산/우주항공
419650,PLUS 글로벌수소&차세대연료전지,친환경/신재생
0007G0,PLUS 글로벌원자력밸류체인,원자력
0166T0,PLUS 글로벌저작권핵심기업액티브,글로벌/해외
0035T0,PLUS 글로벌휴머노이드로봇액티브,로봇/자율주행
415920,PLUS 글로벌희토류&전략자원생산기업,글로벌/해외
0138Y0,PLUS 금채권혼합,채권
278620,PLUS 단기채권액티브,채권
477050,PLUS 머니마켓액티브,채권
0050E0,PLUS 미국AI에이전트,AI/소프트웨어
429760,PLUS 미국S&P500,글로벌/해외
0057H0,PLUS 미국S&P500미국채혼합50액티브,글로벌/해외
494410,PLUS 미국S&P500성장주,글로벌/해외
0153X0,PLUS 미국고배당주액티브,글로벌/해외
0089B0,PLUS 미국나스닥100미국채혼합50,글로벌/해외
287180,PLUS 미국나스닥테크,글로벌/해외
332610,PLUS 미국단기회사채(AAA~A),글로벌/해외
456200,PLUS 미국달러SOFR금리액티브(합성),글로벌/해외
0078V0,PLUS 미국로보택시,글로벌/해외
494420,PLUS 미국배당증가성장주데일리커버드콜,글로벌/해외
0023B0,PLUS 미국양자컴퓨팅TOP10,글로벌/해외
332620,PLUS 미국장기우량회사채,글로벌/해외
464470,PLUS 미국채30년액티브,글로벌/해외
461900,PLUS 미국테크TOP10,글로벌/해외
238670,PLUS 스마트베타Quality채권혼합,채권
256450,PLUS 심천차이넥스트(합성),기타
447660,PLUS 애플채권혼합,채권
239660,PLUS 우량회사채50,채권
421320,PLUS 우주항공&UAM,방산/우주항공
464920,PLUS 일본반도체소부장,반도체
489000,PLUS 일본엔화초단기국채(합성),글로벌/해외
0098N0,PLUS 자사주매입고배당주,고배당
433880,PLUS TDF2060액티브 적격,TDF/은퇴
451000,PLUS 종합채권(AA-이상)액티브,채권
280920,PLUS 주도업종,기타
266550,PLUS 중형주저변동50,기타
0047N0,PLUS 차이나AI테크TOP10,AI/소프트웨어
0128D0,PLUS 차이나항셍테크위클리타겟커버드콜,글로벌/해외
495040,PLUS 코리아밸류업,기타
301410,PLUS 코스닥150선물인버스,레버리지/인버스
0166N0,PLUS 코스닥150액티브,지수추종
301400,PLUS 코스닥150,지수추종
328370,PLUS 코스피TR,지수추종
457990,PLUS 태양광&ESS,친환경/신재생
0132K0,PLUS 테슬라위클리커버드콜채권혼합,채권
0000J0,PLUS 한화그룹주,기타
461910,PLUS 미국테크TOP10레버리지(합성),글로벌/해외
213630,PLUS 미국다우존스고배당주(합성 H),글로벌/해외
189400,PLUS 글로벌MSCI(합성 H),글로벌/해외
195970,PLUS 선진국MSCI(합성 H),글로벌/해외
195980,PLUS 신흥국MSCI(합성 H),글로벌/해외
433250,UNICORN R&D 액티브,기타
494220,UNICORN SK하이닉스밸류체인액티브,기타
470310,UNICORN 생성형AI강소기업액티브,AI/소프트웨어
476000,UNICORN 포스트IPO액티브,기타
491700,HK 200,기타
0000Y0,HK 26-12 회사채(AA-이상)액티브,채권
215620,HK S&P코리아로우볼,글로벌/해외
0113P0,HK 머니마켓액티브,채권
391670,HK 베스트일레븐액티브,기타
472920,HK 종합채권(AA-이상)액티브,채권
