ticker,name,market,market_cap
005930,삼성전자,KOSPI,1289104433064000
000660,SK하이닉스,KOSPI,916535241390000
005935,삼성전자우,KOSPI,127015361434900
402340,SK스퀘어,KOSPI,110977002626000
005380,현대차,KOSPI,108726373746000
373220,LG에너지솔루션,KOSPI,107757000000000
034020,두산에너빌리티,KOSPI,81415321656600
012450,한화에어로스페이스,KOSPI,73065339217000
329180,HD현대중공업,KOSPI,71898439125000
207940,삼성바이오로직스,KOSPI,68047697970000
009150,삼성전기,KOSPI,62145155072000
105560,KB금융,KOSPI,59842498027500
000270,기아,KOSPI,59264693096400
006400,삼성SDI,KOSPI,56006943350000
032830,삼성생명,KOSPI,49900000000000
028260,삼성물산,KOSPI,48407440828500
055550,신한지주,KOSPI,47417970663900
267260,HD현대일렉트릭,KOSPI,45131013020000
068270,셀트리온,KOSPI,44498621330500
010120,LS ELECTRIC,KOSPI,41700000000000
042660,한화오션,KOSPI,40385285329200
012330,현대모비스,KOSPI,38561347775000
005490,POSCO홀딩스,KOSPI,36609585474000
298040,효성중공업,KOSPI,36477631776000
006800,미래에셋증권,KOSPI,36259933824000
086790,하나금융지주,KOSPI,35091634969200
042700,한미반도체,KOSPI,35074889600000
035420,NAVER,KOSPI,33095906618000
010130,고려아연,KOSPI,32958418051000
009540,HD한국조선해양,KOSPI,32661793034000
034730,SK,KOSPI,30813648775000
064350,현대로템,KOSPI,29304705670500
010140,삼성중공업,KOSPI,28468000000000
051910,LG화학,KOSPI,28025160171000
015760,한국전력,KOSPI,27957535553350
000150,두산,KOSPI,25845360660000
096770,SK이노베이션,KOSPI,24715517605600
267250,HD현대,KOSPI,24527352892500
316140,우리금융지주,KOSPI,24481445272000
066570,LG전자,KOSPI,22950691928300
003670,포스코퓨처엠,KOSPI,22414447440000
272210,한화시스템,KOSPI,22160244329700
035720,카카오,KOSPI,20953947063500
086520,에코프로,KOSDAQ,20760173640800
079550,LIG디펜스앤에어로스페이스,KOSPI,20702000000000
000810,삼성화재,KOSPI,20582485053000
033780,KT&G,KOSPI,20446845803500
017670,SK텔레콤,KOSPI,20426534040300
247540,에코프로비엠,KOSDAQ,20153069404000
196170,알테오젠,KOSDAQ,19727221145500
011200,HMM,KOSPI,19336378385000
138040,메리츠금융지주,KOSPI,18692690394100
024110,기업은행,KOSPI,18021824639400
000720,현대건설,KOSPI,18017362777000
086280,현대글로비스,KOSPI,17025000000000
047810,한국항공우주,KOSPI,16473293083000
278470,에이피알,KOSPI,15892496797500
047050,포스코인터내셔널,KOSPI,15358059392400
030200,KT,KOSPI,15348120616500
003550,LG,KOSPI,15283359073500
010950,S-Oil,KOSPI,15142385524000
047040,대우건설,KOSPI,14381767330000
006260,LS,KOSPI,14133600000000
011070,LG이노텍,KOSPI,13561252311000
0126Z0,삼성에피스홀딩스,KOSPI,13511495607000
071050,한국금융지주,KOSPI,13374238080000
277810,레인보우로보틱스,KOSDAQ,12881505712000
018260,삼성에스디에스,KOSPI,12860190360000
259960,크래프톤,KOSPI,12563203740000
307950,현대오토에버,KOSPI,12354503891000
005940,NH투자증권,KOSPI,11990988016850
443060,HD현대마린솔루션,KOSPI,11903283630000
323410,카카오뱅크,KOSPI,11617882640950
352820,하이브,KOSPI,11335891487000
007660,이수페타시스,KOSPI,11033405615700
005830,DB손해보험,KOSPI,10977858492400
001440,대한전선,KOSPI,10496982990000
039490,키움증권,KOSPI,10438869768000
028050,삼성E&A,KOSPI,10407600000000
003230,삼양식품,KOSPI,10101773115000
000250,삼천당제약,KOSDAQ,9746579616000
016360,삼성증권,KOSPI,9599750000000
000880,한화,KOSPI,9405756394600
058470,리노공업,KOSDAQ,9092073705000
003490,대한항공,KOSPI,9039817227550
267270,HD건설기계,KOSPI,8822440300200
009830,한화솔루션,KOSPI,8714951575200
005387,현대차2우B,KOSPI,8671054640000
950160,코오롱티슈진,KOSDAQ,8643077100000
062040,산일전기,KOSPI,8143816100000
028300,HLB,KOSDAQ,8096235068800
090430,아모레퍼시픽,KOSPI,7914070292700
066970,엘앤에프,KOSPI,7875368165300
326030,SK바이오팜,KOSPI,7823493675000
078930,GS,KOSPI,7609769458200
298380,에이비엘바이오,KOSDAQ,7547110012400
377300,카카오페이,KOSPI,7533166941900
180640,한진칼,KOSPI,7524108843300
082740,한화엔진,KOSPI,7343348496000
161390,한국타이어앤테크놀로지,KOSPI,7333404084800
000100,유한양행,KOSPI,7295720251600
052690,한전기술,KOSPI,7208292000000
454910,두산로보틱스,KOSPI,7143161796000
241560,두산밥캣,KOSPI,6901636680000
000990,DB하이텍,KOSPI,6895477198000
010060,OCI홀딩스,KOSPI,6870645376000
032640,LG유플러스,KOSPI,6808481143200
141080,리가켐바이오,KOSDAQ,6789361261200
001040,CJ,KOSPI,6550236051000
064400,LG씨엔에스,KOSPI,6297586620000
029780,삼성카드,KOSPI,6175278890300
034220,LG디스플레이,KOSPI,6130000000000
021240,코웨이,KOSPI,6093075378600
087010,펩트론,KOSDAQ,6074169675000
128940,한미약품,KOSPI,5893055860000
036930,주성엔지니어링,KOSDAQ,5856621246000
103590,일진전기,KOSPI,5841460275000
036570,NC,KOSPI,5827657951000
138930,BNK금융지주,KOSPI,5812425328090
005385,현대차우,KOSPI,5811899040000
039030,이오테크닉스,KOSDAQ,5765549400000
240810,원익IPS,KOSDAQ,5747724807100
004020,현대제철,KOSPI,5678118151750
271560,오리온,KOSPI,5677388555200
214370,케어젠,KOSDAQ,5666932500000
450080,에코프로머티,KOSPI,5665867946200
353200,대덕전자,KOSPI,5574229140000
088980,맥쿼리인프라,KOSPI,5435764620550
022100,포스코DX,KOSPI,5306012042100
310210,보로노이,KOSDAQ,5226216564000
095340,ISC,KOSDAQ,5140286565000
175330,JB금융지주,KOSPI,5139322843200
002380,KCC,KOSPI,4931991405000
011170,롯데케미칼,KOSPI,4872120224100
108490,로보티즈,KOSDAQ,4638949362000
011790,SKC,KOSPI,4468459164000
489790,한화비전,KOSPI,4352099218000
018880,한온시스템,KOSPI,4341090594960
403870,HPSP,KOSDAQ,4328980000000
088350,한화생명,KOSPI,4242769050000
251270,넷마블,KOSPI,4069332420150
000500,가온전선,KOSPI,3995162272500
336260,두산퓨얼셀,KOSPI,3982018540800
440110,파두,KOSDAQ,3915895263400
051900,LG생활건강,KOSPI,3886824586000
017800,현대엘리베이터,KOSPI,3858418399500
004170,신세계,KOSPI,3844188667000
375500,DL이앤씨,KOSPI,3830668677000
023530,롯데쇼핑,KOSPI,3827468551500
004800,효성,KOSPI,3816812796000
263750,펄어비스,KOSDAQ,3784198659500
097950,CJ제일제당,KOSPI,3710856849000
032820,우리기술,KOSDAQ,3695679691200
011780,금호석유화학,KOSPI,3688063845000
035250,강원랜드,KOSPI,3679776600000
111770,영원무역,KOSPI,3673420697200
457190,이수스페셜티케미컬,KOSPI,3671592948000
012510,더존비즈온,KOSPI,3647378400000
214150,클래시스,KOSDAQ,3627102640400
036460,한국가스공사,KOSPI,3609438300000
071970,HD현대마린엔진,KOSPI,3588894171000
357780,솔브레인,KOSDAQ,3562583228000
178320,서진시스템,KOSDAQ,3542155725500
226950,올릭스,KOSDAQ,3501850567500
020150,롯데에너지머티리얼즈,KOSPI,3492776382100
319400,현대무벡스,KOSDAQ,3491638822650
439260,대한조선,KOSPI,3448104924000
302440,SK바이오사이언스,KOSPI,3377554606650
031210,서울보증보험,KOSPI,3337472384400
064760,티씨케이,KOSDAQ,3286748304000
012750,에스원,KOSPI,3271729225800
214450,파마리서치,KOSDAQ,3257154648000
006360,GS건설,KOSPI,3256375694500
347850,디앤디파마텍,KOSDAQ,3250267707400
222800,심텍,KOSDAQ,3248772966000
014680,한솔케미칼,KOSPI,3240505575000
001720,신영증권,KOSPI,3240324000000
237690,에스티팜,KOSDAQ,3178698867500
145020,휴젤,KOSDAQ,3106768332500
139130,iM금융지주,KOSPI,3067929535300
004990,롯데지주,KOSPI,3044728356800
0009K0,에임드바이오,KOSDAQ,3029843892850
112610,씨에스윈드,KOSPI,3019472454800
083650,비에이치아이,KOSDAQ,3017076562500
084370,유진테크,KOSDAQ,2979085460000
028670,팬오션,KOSPI,2961515096480
139480,이마트,KOSPI,2944473887300
005850,에스엘,KOSPI,2921611908000
005290,동진쎄미켐,KOSDAQ,2910060360400
043260,성호전자,KOSDAQ,2900743460700
058610,에스피지,KOSDAQ,2829831136000
120110,코오롱인더,KOSPI,2817921611200
007340,DN오토모티브,KOSPI,2811447063250
009970,영원무역홀딩스,KOSPI,2807841296000
483650,달바글로벌,KOSPI,2807268040000
051600,한전KPS,KOSPI,2799000000000
100790,미래에셋벤처투자,KOSDAQ,2783730821600
103140,풍산,KOSPI,2780008377600
098460,고영,KOSDAQ,2763353888750
001430,세아베스틸지주,KOSPI,2707589984500
257720,실리콘투,KOSDAQ,2691563952000
204320,HL만도,KOSPI,2681251552000
031980,피에스케이홀딩스,KOSDAQ,2680205698500
018670,SK가스,KOSPI,2675343516000
229640,LS에코에너지,KOSPI,2667426960900
140410,메지온,KOSDAQ,2665393045900
00680K,미래에셋증권2우B,KOSPI,2663115000000
026960,동서,KOSPI,2661990000000
067310,하나마이크론,KOSDAQ,2638629772200
097230,HJ중공업,KOSPI,2618564976000
001450,현대해상,KOSPI,2591546800000
017960,한국카본,KOSPI,2590404630000
322000,HD현대에너지솔루션,KOSPI,2587200000000
082920,비츠로셀,KOSDAQ,2584350189000
008930,한미사이언스,KOSPI,2578361435000
000155,두산우,KOSPI,2577717990000
008770,호텔신라,KOSPI,2570751925500
319660,피에스케이,KOSDAQ,2569347531800
383220,F&F,KOSPI,2562743317500
030530,원익홀딩스,KOSDAQ,2533405776800
131970,두산테스나,KOSDAQ,2526070006600
279570,케이뱅크,KOSPI,2523423839220
218410,RFHIC,KOSDAQ,2503989580600
068760,셀트리온제약,KOSDAQ,2490970825200
009420,한올바이오파마,KOSPI,2476206241200
077970,STX엔진,KOSPI,2473120680800
069960,현대백화점,KOSPI,2464277735700
078600,대주전자재료,KOSDAQ,2461207812500
476830,알지노믹스,KOSDAQ,2450962807800
323280,태성,KOSDAQ,2427769410000
192820,코스맥스,KOSPI,2389071644500
000240,한국앤컴퍼니,KOSPI,2368634238000
010170,대한광통신,KOSDAQ,2355607749000
030000,제일기획,KOSPI,2306576561250
000120,CJ대한통운,KOSPI,2306327978400
004370,농심,KOSPI,2296197355000
282330,BGF리테일,KOSPI,2281475592000
011210,현대위아,KOSPI,2249033364100
298020,효성티앤씨,KOSPI,2241739276000
005440,현대지에프홀딩스,KOSPI,2237226719350
035900,JYP Ent.,KOSDAQ,2234993746800
007810,코리아써키트,KOSPI,2223188874000
041510,에스엠,KOSDAQ,2211627054000
003690,코리안리,KOSPI,2182504732850
361610,SK아이이테크놀로지,KOSPI,2159179440000
081660,미스토홀딩스,KOSPI,2155528704000
085620,미래에셋생명,KOSPI,2153417400000
101490,에스앤에스텍,KOSDAQ,2148422315300
002790,아모레퍼시픽홀딩스,KOSPI,2129360313000
089030,테크윙,KOSDAQ,2123173858500
347700,스피어,KOSDAQ,2113766265600
161890,한국콜마,KOSPI,2093770329900
001120,LX인터내셔널,KOSPI,2069784000000
395400,SK리츠,KOSPI,2034879111200
417200,LS머트리얼즈,KOSDAQ,2032962402950
140860,파크시스템스,KOSDAQ,2022293973000
023590,다우기술,KOSPI,2008531276800
060370,LS마린솔루션,KOSDAQ,1992912280100
039200,오스코텍,KOSDAQ,1989425152000
003570,SNT다이내믹스,KOSPI,1988511280600
475150,SK이터닉스,KOSPI,1975886232000
007070,GS리테일,KOSPI,1964774252500
005070,코스모신소재,KOSPI,1956338231900
462870,시프트업,KOSPI,1909198767000
475830,오름테라퓨틱,KOSDAQ,1897475265000
003540,대신증권,KOSPI,1867890005850
131290,티에스이,KOSDAQ,1867169215200
038500,삼표시멘트,KOSDAQ,1827023060580
099320,쎄트렉아이,KOSDAQ,1817912148000
027360,아주IB투자,KOSDAQ,1817181090000
458870,씨어스,KOSDAQ,1813546611000
080220,제주반도체,KOSDAQ,1804804449200
232140,와이씨,KOSDAQ,1792690897500
004000,롯데정밀화학,KOSPI,1790520000000
491000,리브스메드,KOSDAQ,1776681439200
445680,큐리옥스바이오시스템즈,KOSDAQ,1756452335500
069620,대웅제약,KOSPI,1718289072500
006040,동원산업,KOSPI,1701904860300
437730,삼현,KOSDAQ,1696354834500
012630,HDC,KOSPI,1678742360100
073240,금호타이어,KOSPI,1671854870340
032350,롯데관광개발,KOSPI,1647750511800
095610,테스,KOSDAQ,1626240000000
001800,오리온홀딩스,KOSPI,1619384158700
003530,한화투자증권,KOSPI,1611253790250
006280,녹십자,KOSPI,1602224359800
065350,신성델타테크,KOSDAQ,1594068984000
085660,차바이오텍,KOSDAQ,1588852993320
290650,엘앤씨바이오,KOSDAQ,1570334381600
030610,교보증권,KOSPI,1553315158430
100090,SK오션플랜트,KOSPI,1533838066950
294870,IPARK현대산업개발,KOSPI,1512573223500
281740,레이크머티리얼즈,KOSDAQ,1511802604000
090710,휴림로봇,KOSDAQ,1507549826140
000210,DL,KOSPI,1498345706000
036830,솔브레인홀딩스,KOSDAQ,1496790613000
166090,하나머티리얼즈,KOSDAQ,1493214387000
195940,HK이노엔,KOSDAQ,1484486288400
183300,코미코,KOSDAQ,1481232854400
003380,하림지주,KOSDAQ,1469513747520
034230,파라다이스,KOSPI,1468175704700
007310,오뚜기,KOSPI,1464861865000
020560,아시아나항공,KOSPI,1450174605440
490470,세미파이브,KOSDAQ,1437306060000
051915,LG화학우,KOSPI,1435498960000
052020,에스티큐브,KOSDAQ,1434447440100
189300,인텔리안테크,KOSDAQ,1424865851900
093370,후성,KOSPI,1420060569200
456160,지투지바이오,KOSDAQ,1416282730400
127120,제이에스링크,KOSDAQ,1410608224800
115180,큐리언트,KOSDAQ,1391476015100
397030,에이프릴바이오,KOSDAQ,1388439881800
036540,SFA반도체,KOSDAQ,1365020514900
195870,해성디에스,KOSPI,1363400000000
160190,하이젠알앤엠,KOSDAQ,1346716800000
388210,씨엠티엑스,KOSDAQ,1345786776600
181710,NHN,KOSPI,1342878699000
456040,OCI,KOSPI,1342874250000
082640,동양생명,KOSPI,1340889841350
222080,씨아이에스,KOSDAQ,1335485072480
137400,피엔티,KOSDAQ,1326680768000
003240,태광산업,KOSPI,1324946000000
420770,기가비스,KOSDAQ,1317011256200
003090,대웅,KOSPI,1311101649000
089970,브이엠,KOSDAQ,1303584513000
001740,SK네트웍스,KOSPI,1298901284740
192080,더블유게임즈,KOSPI,1293698894800
048410,현대바이오,KOSDAQ,1293174664800
300720,한일시멘트,KOSPI,1283363897050
330590,롯데리츠,KOSPI,1283021844960
096530,씨젠,KOSDAQ,1282148152700
466100,클로봇,KOSDAQ,1271688988050
124500,아이티센글로벌,KOSDAQ,1255364910700
126340,비나텍,KOSDAQ,1254403516800
032500,케이엠더블유,KOSDAQ,1254107531250
213420,덕산네오룩스,KOSDAQ,1253974539500
388720,유일로보틱스,KOSDAQ,1238219359500
415640,KB발해인프라,KOSPI,1237710034800
007390,네이처셀,KOSDAQ,1233931322400
014620,성광벤드,KOSDAQ,1232261689600
089860,롯데렌탈,KOSPI,1221810906200
328130,루닛,KOSDAQ,1213842607900
281820,케이씨텍,KOSPI,1213657919300
000670,영풍,KOSPI,1213264009700
001510,SK증권,KOSPI,1209673294550
298050,HS효성첨단소재,KOSPI,1207345986000
376900,로킷헬스케어,KOSDAQ,1204013533500
000080,하이트진로,KOSPI,1199986084210
023160,태광,KOSDAQ,1191186494100
035760,CJ ENM,KOSDAQ,1186367231400
185750,종근당,KOSPI,1182898246000
006340,대원전선,KOSPI,1180136960800
006650,대한유화,KOSPI,1177150000000
075580,세진중공업,KOSPI,1168256320800
090460,비에이치,KOSPI,1163048061000
100840,SNT에너지,KOSPI,1162260004600
005300,롯데칠성,KOSPI,1135735401600
009450,경동나비엔,KOSPI,1131979598400
033100,제룡전기,KOSDAQ,1130793593600
056190,에스에프에이,KOSDAQ,1127535064000
280360,롯데웰푸드,KOSPI,1126783911400
161580,필옵틱스,KOSDAQ,1120539406600
000815,삼성화재우,KOSPI,1120114950000
204270,제이앤티씨,KOSDAQ,1118789332440
033790,피노,KOSDAQ,1118065681040
365550,ESR켄달스퀘어리츠,KOSPI,1113552725000
499790,GS피앤엘,KOSPI,1096645507300
078160,메디포스트,KOSDAQ,1093808423700
005690,파미셀,KOSPI,1086907218040
086450,동국제약,KOSDAQ,1081007038000
293490,카카오게임즈,KOSDAQ,1079238670220
094170,동운아나텍,KOSDAQ,1074770710400
451800,한화리츠,KOSPI,1072212000000
295310,에이치브이엠,KOSDAQ,1070428899000
009240,한샘,KOSPI,1063733545600
044490,태웅,KOSDAQ,1060391193000
484870,엠앤씨솔루션,KOSPI,1056360060000
082270,젬백스,KOSDAQ,1053607031400
033240,자화전자,KOSPI,1051107672300
003470,유안타증권,KOSPI,1047882024000
253450,스튜디오드래곤,KOSDAQ,1047538655300
192400,쿠쿠홀딩스,KOSPI,1047306348250
358570,지아이이노베이션,KOSDAQ,1043858562500
006110,삼아알미늄,KOSPI,1040493704000
050890,쏠리드,KOSDAQ,1039544296740
066575,LG전자우,KOSPI,1036315317600
171090,선익시스템,KOSDAQ,1035519165000
285130,SK케미칼,KOSPI,1027546700400
057050,현대홈쇼핑,KOSPI,1018800000000
108320,LX세미콘,KOSPI,1018145180000
137310,에스디바이오센서,KOSPI,1016707438840
121600,나노신소재,KOSDAQ,1014605614800
036530,SNT홀딩스,KOSPI,1012471320600
009155,삼성전기우,KOSPI,1011630432000
122870,와이지엔터테인먼트,KOSDAQ,1009316646000
365340,성일하이텍,KOSDAQ,1008816022200
071055,한국금융지주우,KOSPI,1008204997100
056080,유진로봇,KOSDAQ,999698850800
074600,원익QnC,KOSDAQ,995000800000
003030,세아제강지주,KOSPI,993997680000
0011T0,채비,KOSDAQ,989508672000
174900,앱클론,KOSDAQ,979338816500
006120,SK디스커버리,KOSPI,973428680900
006730,서부T&D,KOSDAQ,971956037310
348370,엔켐,KOSDAQ,970656989900
046890,서울반도체,KOSDAQ,962622154000
00088K,한화3우B,KOSPI,960519829500
476060,온코닉테라퓨틱스,KOSDAQ,953866600000
003160,디아이,KOSPI,940975000000
079900,전진건설로봇,KOSPI,935382134500
002020,코오롱,KOSPI,929352960000
064960,SNT모티브,KOSPI,928909520000
248070,솔루엠,KOSPI,927634978400
025540,한국단자,KOSPI,924511000000
036810,에프에스티,KOSDAQ,920116032500
336370,솔루스첨단소재,KOSPI,919145032960
004490,세방전지,KOSPI,914760000000
053610,프로텍,KOSDAQ,904200000000
030190,NICE평가정보,KOSPI,901346363100
083450,GST,KOSDAQ,893855000000
071320,지역난방공사,KOSPI,885773916000
032190,다우데이타,KOSDAQ,882815000000
372320,큐로셀,KOSDAQ,882474044200
003620,KG모빌리티,KOSPI,877295243520
033500,동성화인텍,KOSDAQ,869695326000
241710,코스메카코리아,KOSDAQ,865080000000
356860,티엘비,KOSDAQ,860355125000
005090,SGC에너지,KOSPI,860237180100
252990,샘씨엔에스,KOSDAQ,858707097140
003850,보령,KOSPI,852724837580
112040,위메이드,KOSDAQ,847014650850
249420,일동제약,KOSPI,838413678000
005880,대한해운,KOSPI,837529347300
077360,덕산하이메탈,KOSDAQ,834223356720
009520,포스코엠텍,KOSDAQ,829522643760
102710,이엔에프테크놀로지,KOSDAQ,827265704400
425420,티에프이,KOSDAQ,827261127000
011930,신성이엔지,KOSPI,822363363245
253590,네오셈,KOSDAQ,819037291880
079160,CJ CGV,KOSPI,817148991015
399720,가온칩스,KOSDAQ,816669568000
389470,인벤티지랩,KOSDAQ,816554872500
317450,명인제약,KOSPI,814680000000
014820,동원시스템즈,KOSPI,814655024200
00104K,CJ4우(전환),KOSPI,811490304000
010780,아이에스동서,KOSPI,805992259200
348340,뉴로메카,KOSDAQ,801067384800
084110,휴온스글로벌,KOSDAQ,798834137200
327260,RF머트리얼즈,KOSDAQ,792596095500
052400,코나아이,KOSDAQ,792243030400
214320,이노션,KOSPI,792000000000
060250,NHN KCP,KOSDAQ,789156006150
089890,코세스,KOSDAQ,786127198800
225570,넥슨게임즈,KOSDAQ,781101663640
368770,파이버프로,KOSDAQ,773716998750
000370,한화손해보험,KOSPI,772811617300
069260,TKG휴켐스,KOSPI,772196527320
086900,메디톡스,KOSDAQ,769991433500
102940,코오롱생명과학,KOSDAQ,767109335800
376300,디어유,KOSDAQ,765563593500
460860,동국제강,KOSPI,763467381630
214430,아이쓰리시스템,KOSDAQ,759950360000
278280,천보,KOSDAQ,759045720600
001270,부국증권,KOSPI,757001678000
059090,미코,KOSDAQ,756890021700
486990,노타,KOSDAQ,756723853500
178920,PI첨단소재,KOSPI,756182791500
161000,애경케미칼,KOSPI,755514450770
007700,F&F홀딩스,KOSPI,750995846400
199800,툴젠,KOSDAQ,750984721500
475960,토모큐브,KOSDAQ,746786689200
114090,GKL,KOSPI,745979380200
017940,E1,KOSPI,742938000000
033640,네패스,KOSDAQ,737894464000
293940,신한알파리츠,KOSPI,731687744150
348210,넥스틴,KOSDAQ,730247248500
024850,HLB이노베이션,KOSDAQ,727107843000
001060,JW중외제약,KOSPI,726521016000
002350,넥센타이어,KOSPI,725672326110
093050,LF,KOSPI,725152000000
002840,미원상사,KOSPI,721050000000
493280,아이엠바이오로직스,KOSDAQ,719476732800
041960,코미팜,KOSDAQ,718176731400
001680,대상,KOSPI,717214117500
015750,성우하이텍,KOSDAQ,711200000000
090360,로보스타,KOSDAQ,710775000000
031330,에스에이엠티,KOSDAQ,706965123690
460930,현대힘스,KOSDAQ,706662352900
200710,에이디테크놀로지,KOSDAQ,704062966100
016380,KG스틸,KOSPI,703062545910
053800,안랩,KOSDAQ,702082528600
058650,세아홀딩스,KOSPI,700038202800
001820,삼화콘덴서,KOSPI,698544000000
009900,명신산업,KOSPI,697852768900
217590,티엠씨,KOSPI,697527813750
094800,맵스리얼티,KOSPI,695329139190
005180,빙그레,KOSPI,695177325000
003280,흥아해운,KOSPI,694827958110
383800,LX홀딩스,KOSPI,694154279000
002240,고려제강,KOSPI,693900000000
025980,아난티,KOSDAQ,686944989400
272290,이녹스첨단소재,KOSDAQ,683856558700
005420,코스모화학,KOSPI,681746047000
060280,큐렉소,KOSDAQ,679961339200
001500,현대차증권,KOSPI,678308492680
067160,SOOP,KOSDAQ,671294392800
033160,엠케이전자,KOSDAQ,671113854000
383310,에코프로에이치엔,KOSDAQ,669100330800
271940,일진하이솔루스,KOSPI,663805113200
002960,한국쉘석유,KOSPI,661700000000
393890,더블유씨피,KOSDAQ,660618170880
104830,원익머트리얼즈,KOSDAQ,659398400000
000640,동아쏘시오홀딩스,KOSPI,659114393300
010820,퍼스텍,KOSPI,658421163000
005250,녹십자홀딩스,KOSPI,656513811600
000400,롯데손해보험,KOSPI,656361316800
336570,원텍,KOSDAQ,655730328720
130660,한전산업,KOSPI,655260000000
448900,한국피아이엠,KOSDAQ,654219018900
005810,풍산홀딩스,KOSPI,652382463000
039130,하나투어,KOSPI,648253654200
354320,알멕,KOSDAQ,641694652400
014830,유니드,KOSPI,641568480000
008730,율촌화학,KOSPI,638600000000
001570,금양,KOSPI,633275240400
089010,켐트로닉스,KOSDAQ,627199009800
125490,한라캐스트,KOSDAQ,625285289760
101930,인화정공,KOSDAQ,624142823200
003000,부광약품,KOSPI,623560720720
001530,DI동일,KOSPI,622504411050
187660,페니트리움바이오,KOSDAQ,621776696130
006380,카프로,KOSPI,618539985360
468530,프로티나,KOSDAQ,616986672000
019170,신풍제약,KOSPI,612772522180
268280,미원에스씨,KOSPI,612500000000
042000,카페24,KOSDAQ,608751655400
099190,아이센스,KOSDAQ,608467750800
107640,한중엔시에스,KOSDAQ,608257876600
119850,지엔씨에너지,KOSDAQ,602852514850
003545,대신증권우,KOSPI,597042507900
020000,한섬,KOSPI,595722182850
452260,한화갤러리아,KOSPI,595149002700
006910,보성파워텍,KOSDAQ,593488273920
018290,브이티,KOSDAQ,592613572480
036620,감성코퍼레이션,KOSDAQ,590989624630
019210,와이지-원,KOSDAQ,587660902400
025900,동화기업,KOSDAQ,586464506000
017900,광전자,KOSPI,585811443930
403550,쏘카,KOSPI,584914274620
009410,태영건설,KOSPI,583276552880
025860,남해화학,KOSPI,583229616820
122640,예스티,KOSDAQ,580715131200
039440,에스티아이,KOSDAQ,579963557800
016610,DB증권,KOSPI,579817673740
006405,삼성SDI우,KOSPI,572735184000
047920,HLB제약,KOSDAQ,567428858800
105840,우진,KOSPI,566544643500
448730,삼성FN리츠,KOSPI,565420500000
0120G0,삼양바이오팜,KOSPI,563638946000
045100,한양이엔지,KOSDAQ,562625000000
005389,현대차3우B,KOSPI,562079658000
287840,인투셀,KOSDAQ,558065814000
002030,아세아,KOSPI,557948892000
064260,다날,KOSDAQ,554481199810
168360,펨트론,KOSDAQ,549237727200
284740,쿠쿠홈시스,KOSPI,547470852000
025320,시노펙스,KOSDAQ,547397747820
041190,우리기술투자,KOSDAQ,545160000000
000070,삼양홀딩스,KOSPI,541870731800
001200,유진투자증권,KOSPI,541483276620
003300,한일홀딩스,KOSPI,541117114200
488900,비츠로넥스텍,KOSDAQ,540990190810
101160,월덱스,KOSDAQ,540735020750
394280,오픈엣지테크놀로지,KOSDAQ,538786538500
453340,현대그린푸드,KOSPI,537581690640
484590,삼양컴텍,KOSDAQ,537384268000
381970,케이카,KOSPI,537029328000
034310,NICE,KOSPI,536286920630
950210,프레스티지바이오파마,KOSPI,535456741050
004690,삼천리,KOSPI,535312285200
037460,삼지전자,KOSDAQ,533615669400
211050,인카금융서비스,KOSDAQ,533032768740
092790,넥스틸,KOSPI,527840600000
098070,한텍,KOSDAQ,526029969300
016590,신대양제지,KOSPI,525886551000
008060,대덕,KOSPI,520930181700
377740,바이오노트,KOSPI,520637705280
031430,신세계인터내셔날,KOSPI,520241820000
424870,이뮨온시아,KOSDAQ,519803164710
013030,하이록코리아,KOSDAQ,519563557600
002710,TCC스틸,KOSPI,517196241810
251970,펌텍코리아,KOSDAQ,513360000000
005945,NH투자증권우,KOSPI,513290329600
090435,아모레퍼시픽우,KOSPI,512582646500
117730,티로보틱스,KOSDAQ,512067576100
015860,일진홀딩스,KOSPI,509266024560
290550,디케이티,KOSDAQ,509031303500
067630,HLB생명과학,KOSDAQ,509003717150
093320,케이아이엔엑스,KOSDAQ,508984000000
000157,두산2우B,KOSPI,503673432000
058430,포스코스틸리온,KOSPI,503400000000
306200,세아제강,KOSPI,503159620000
027410,BGF,KOSPI,501555984840
079370,제우스,KOSDAQ,499683708900
101730,위메이드맥스,KOSDAQ,498629551700
340570,티앤엘,KOSDAQ,497433600000
069540,빛과전자,KOSDAQ,497339818120
145990,삼양사,KOSPI,497108241800
230360,에코마케팅,KOSDAQ,495980128000
030520,한글과컴퓨터,KOSDAQ,492057790400
078130,국일제지,KOSDAQ,491548959756
317330,덕산테코피아,KOSDAQ,491438016000
215200,메가스터디교육,KOSDAQ,491311238400
064820,케이프,KOSDAQ,489443009900
389650,넥스트바이오메디컬,KOSDAQ,488131217000
126720,수산인더스트리,KOSPI,486438300000
029530,신도리코,KOSPI,485300663550
114810,한솔아이원스,KOSDAQ,484368367560
215600,신라젠,KOSDAQ,484244706180
170920,엘티씨,KOSDAQ,483836970800
034950,한국기업평가,KOSDAQ,482656638200
138080,오이솔루션,KOSDAQ,479019234600
092870,엑시콘,KOSDAQ,478964249900
006220,제주은행,KOSPI,477017789340
095660,네오위즈,KOSDAQ,476002098000
001390,KG케미칼,KOSPI,475337522100
0082N0,카나프테라퓨틱스,KOSDAQ,473964066000
078350,한양디지텍,KOSDAQ,471813622900
110990,디아이티,KOSDAQ,471555000000
206650,유바이오로직스,KOSDAQ,470058329600
017810,풀무원,KOSPI,468882666600
344820,KCC글라스,KOSPI,467936001600
0001A0,덕양에너젠,KOSDAQ,466570289900
308430,셀비온,KOSDAQ,465142237500
192650,드림텍,KOSPI,462816875290
455900,엔젤로보틱스,KOSDAQ,462750425850
105630,한세실업,KOSPI,461600000000
330860,네패스아크,KOSDAQ,461166103250
145720,덴티움,KOSPI,459653390300
004700,조광피혁,KOSPI,458790522000
357120,코람코라이프인프라리츠,KOSPI,456016133490
091700,파트론,KOSDAQ,455400000000
180400,DXVX,KOSDAQ,455236123000
080580,오킨스전자,KOSDAQ,453814930800
241520,DSC인베스트먼트,KOSDAQ,453796000000
072710,농심홀딩스,KOSPI,452648304000
234340,헥토파이낸셜,KOSDAQ,449156590400
304360,에스바이오메딕스,KOSDAQ,447103120800
042370,비츠로테크,KOSDAQ,444090423750
089980,상아프론테크,KOSDAQ,438899065650
015360,INVENI,KOSPI,437907500000
084010,대한제강,KOSPI,435144405360
078020,LS증권,KOSDAQ,434972529600
389260,대명에너지,KOSDAQ,434470881250
010690,화신,KOSPI,433013084000
441270,파인엠텍,KOSDAQ,432780315360
378340,필에너지,KOSDAQ,431858878540
029460,케이씨,KOSPI,431453945250
170900,동아에스티,KOSPI,430942381700
389500,에스비비테크,KOSDAQ,430607420900
376270,HEM파마,KOSDAQ,429733982600
194370,제이에스코퍼레이션,KOSPI,429157850820
394800,쓰리빌리언,KOSDAQ,429097540760
036170,에이치엠넥스,KOSDAQ,428945725740
005610,삼립,KOSPI,428861747300
419530,SAMG엔터,KOSDAQ,428651008500
183190,아세아시멘트,KOSPI,428220400440
089590,제주항공,KOSPI,428203630350
450950,아스테라시스,KOSDAQ,427825721040
025770,한국정보통신,KOSDAQ,427613574820
228760,지노믹트리,KOSDAQ,426335314300
017860,DS단석,KOSPI,426219336000
452280,한선엔지니어링,KOSDAQ,423421240000
482630,삼양엔씨켐,KOSDAQ,422881569600
001250,GS글로벌,KOSPI,421747534040
0088M0,메쥬,KOSDAQ,421456637500
069080,웹젠,KOSDAQ,420746749440
417310,코람코더원리츠,KOSPI,419756000000
042520,한스바이오메드,KOSDAQ,419284189800
204620,글로벌텍스프리,KOSDAQ,418888646800
016800,퍼시스,KOSPI,412850000000
009290,광동제약,KOSPI,411844412160
220100,퓨쳐켐,KOSDAQ,411318882800
011760,현대코퍼레이션,KOSPI,408775049400
243840,신흥에스이씨,KOSDAQ,406789379250
160980,싸이맥스,KOSDAQ,406381839600
352480,씨앤씨인터내셔널,KOSDAQ,404808059700
179900,유티아이,KOSDAQ,404713925400
012030,DB,KOSPI,404359605330
079940,가비아,KOSDAQ,403291554200
034830,한국토지신탁,KOSPI,403225300310
356680,엑스게이트,KOSDAQ,402177802280
298830,슈어소프트테크,KOSDAQ,400938742500
114190,강원에너지,KOSDAQ,400466172540
097520,엠씨넥스,KOSPI,400234500000
073490,LIG아큐버,KOSDAQ,399962299600
049630,재영솔루텍,KOSDAQ,399789655200
0008Z0,에스엔시스,KOSDAQ,399166657200
041830,인바디,KOSDAQ,397686019000
355150,코스텍시스,KOSDAQ,397664850000
084990,헬릭스미스,KOSDAQ,397319910140
200670,휴메딕스,KOSDAQ,396978025500
459510,나우로보틱스,KOSDAQ,396489570100
092190,서울바이오시스,KOSDAQ,396302829120
064290,인텍플러스,KOSDAQ,396210029600
494120,큐리오시스,KOSDAQ,396057064000
078340,컴투스,KOSDAQ,395990500750
060980,HL홀딩스,KOSPI,394475902150
265520,AP시스템,KOSDAQ,394331510200
321550,티움바이오,KOSDAQ,394168923900
046120,오르비텍,KOSDAQ,393738685790
018250,애경산업,KOSPI,393508031500
478340,나라스페이스테크놀로지,KOSDAQ,393295453100
230240,에치에프알,KOSDAQ,392615500000
026890,스틱인베스트먼트,KOSPI,392360870440
036890,진성티이씨,KOSDAQ,392180689400
041920,메디아나,KOSDAQ,390562683000
365270,큐라클,KOSDAQ,390257274800
094360,칩스앤미디어,KOSDAQ,389562017240
236200,슈프리마,KOSDAQ,389166553800
078520,에이블씨엔씨,KOSPI,388131282120
086390,유니테스트,KOSDAQ,388022553360
007690,국도화학,KOSPI,387102777600
104700,한국철강,KOSPI,386370000000
084850,아이티엠반도체,KOSDAQ,385156219320
092230,KPX홀딩스,KOSPI,384442786000
003720,삼영,KOSPI,383860000000
009160,SIMPAC,KOSPI,383727582160
199820,제일일렉트릭,KOSDAQ,383517200000
005010,휴스틸,KOSPI,383202671500
001940,KISCO홀딩스,KOSPI,382762260000
0015G0,그린광학,KOSDAQ,382673090700
091810,트리니티항공,KOSPI,381996773625
200880,서연이화,KOSPI,381371246070
332570,PS일렉트로닉스,KOSDAQ,380956037020
004430,송원산업,KOSPI,380400000000
003800,에이스침대,KOSDAQ,379832500000
475400,씨메스로보틱스,KOSDAQ,378545196400
005720,넥센,KOSPI,378316634400
217730,강스템바이오텍,KOSDAQ,375746325255
144510,지씨셀,KOSDAQ,375258170000
002810,삼영무역,KOSPI,374879044400
093520,매커스,KOSDAQ,373905628800
035890,서희건설,KOSDAQ,372979125711
241770,메카로,KOSDAQ,372031360000
448280,에코아이,KOSDAQ,371574357660
318060,그래피,KOSDAQ,369442196400
011500,한농화성,KOSPI,369034191200
092220,KEC,KOSPI,369002653158
126560,현대퓨처넷,KOSPI,368628851025
418550,제이오,KOSDAQ,366922532580
065680,우주일렉트로,KOSDAQ,366846698700
200470,에이팩트,KOSDAQ,366432104450
425040,티이엠씨,KOSDAQ,366007047120
046970,우리로,KOSDAQ,365938741650
001750,한양증권,KOSPI,364672499100
001230,동국홀딩스,KOSPI,362525506200
014940,오리엔탈정공,KOSDAQ,361854868340
065660,안트로젠,KOSDAQ,360219600000
053030,바이넥스,KOSDAQ,360179751760
085910,네오티스,KOSDAQ,359518304400
092460,한라IMS,KOSDAQ,358447796000
002310,아세아제지,KOSPI,356623570400
099430,바이오플러스,KOSDAQ,356283373160
451760,컨텍,KOSDAQ,355865175000
432720,퀄리타스반도체,KOSDAQ,354623130600
091580,상신이디피,KOSDAQ,354530625400
108860,셀바스AI,KOSDAQ,353660340600
088800,에이스테크,KOSDAQ,353370111120
000680,LS네트웍스,KOSPI,352643496600
036200,유니셈,KOSDAQ,352638564500
035810,이지홀딩스,KOSDAQ,352258370100
151860,KG에코솔루션,KOSDAQ,350358094720
136480,하림,KOSDAQ,349960968090
286940,롯데이노베이트,KOSPI,349488377700
452430,사피엔반도체,KOSDAQ,349266955000
058970,엠로,KOSDAQ,349248930500
394420,리센스메디컬,KOSDAQ,347209536000
314930,바이오다인,KOSDAQ,347049440980
402490,그린리소스,KOSDAQ,346781531200
389020,자람테크놀로지,KOSDAQ,346524776000
084690,대상홀딩스,KOSPI,345467612520
101360,에코앤드림,KOSDAQ,342916277920
051500,CJ프레시웨이,KOSDAQ,341901676800
043150,바텍,KOSDAQ,341647888000
474650,링크솔루션,KOSDAQ,341378155800
462350,이노스페이스,KOSDAQ,341202623700
200130,콜마비앤에이치,KOSDAQ,340338006060
338840,와이바이오로직스,KOSDAQ,338066982000
254490,미래반도체,KOSDAQ,337127300000
472850,폰드그룹,KOSDAQ,336794164200
024720,콜마홀딩스,KOSPI,336446300790
018000,유니슨,KOSDAQ,335442334604
416180,신성에스티,KOSDAQ,335375763800
094480,갤럭시아머니트리,KOSDAQ,334238219760
002900,TYM,KOSPI,333270000000
060720,KH바텍,KOSDAQ,332194511260
001340,PKC,KOSPI,329251923310
900140,엘브이엠씨홀딩스,KOSPI,328895215264
272450,진에어,KOSPI,327816000000
251370,와이엠티,KOSDAQ,327490743870
445090,에이직랜드,KOSDAQ,327223457100
092730,네오팜,KOSDAQ,326970975600
094820,일진파워,KOSDAQ,326454049850
052710,아모텍,KOSDAQ,325916930700
037270,YG PLUS,KOSPI,325318492100
061970,LB세미콘,KOSDAQ,325264833600
123890,한국자산신탁,KOSPI,324902773530
108670,LX하우시스,KOSPI,323732887000
017390,서울가스,KOSPI,323730000000
003520,영진약품,KOSPI,323720133870
322310,오로스테크놀로지,KOSDAQ,323145699000
095500,미래나노텍,KOSDAQ,323124189580
054210,이랜텍,KOSDAQ,322462927500
215000,골프존,KOSDAQ,321928789500
272110,케이엔제이,KOSDAQ,321818339500
067390,아스트,KOSDAQ,321597857094
033270,유나이티드제약,KOSPI,321397655000
009470,삼화전기,KOSPI,320770270000
045390,대아티아이,KOSDAQ,320653865350
128820,대성산업,KOSPI,320267184240
049070,인탑스,KOSDAQ,320264000000
096760,JW홀딩스,KOSPI,316398751760
243070,휴온스,KOSDAQ,316263156000
023410,유진기업,KOSDAQ,315814875355
003920,남양유업,KOSPI,315600000000
035600,KG이니시스,KOSDAQ,315498269300
001460,BYC,KOSPI,314805960000
088260,이리츠코크렙,KOSPI,314490994350
900290,GRT,KOSDAQ,313698000000
051370,인터플렉스,KOSDAQ,313521223680
456010,아이씨티케이,KOSDAQ,313486807700
115450,HLB테라퓨틱스,KOSDAQ,312687784770
357550,석경에이티,KOSDAQ,312026000000
0007C0,아크릴,KOSDAQ,311576571200
098120,마이크로컨텍솔,KOSDAQ,310897448400
086820,바이오솔루션,KOSDAQ,310829779150
064850,에프앤가이드,KOSDAQ,310361030400
475560,더본코리아,KOSPI,309904573000
382900,범한퓨얼셀,KOSDAQ,308825250000
003200,일신방직,KOSPI,307204800000
005680,삼영전자,KOSPI,307200000000
053690,한미글로벌,KOSPI,306811400000
023760,한국캐피탈,KOSDAQ,306772507872
037710,광주신세계,KOSPI,306351815000
004360,세방,KOSPI,304511555790
226590,엠디바이스,KOSDAQ,303508883200
003120,일성아이에스,KOSPI,302575000000
099440,스맥,KOSDAQ,302318235420
054950,제이브이엠,KOSDAQ,302247300000
002320,한진,KOSPI,301371522720
294570,쿠콘,KOSDAQ,301238200200
484810,티엑스알로보틱스,KOSDAQ,300520296750
003960,사조대림,KOSPI,300136294250
017890,한국알콜,KOSDAQ,299318229420
108380,대양전기공업,KOSDAQ,298500789600
011690,와이투솔루션,KOSPI,298406723220
006805,미래에셋증권우,KOSPI,297702112500
274090,켄코아에어로스페이스,KOSDAQ,297107344950
221800,지구홀딩스,KOSDAQ,296242650500
012210,삼미금속,KOSDAQ,296041440080
044450,KSS해운,KOSPI,295960981600
125020,티씨머티리얼즈,KOSDAQ,295374976500
144960,뉴파워프라즈마,KOSDAQ,295362138240
092200,디아이씨,KOSPI,295164238710
035510,신세계 I&C,KOSPI,294996990000
034120,SBS,KOSPI,294964684200
304100,솔트룩스,KOSDAQ,294696207000
138610,나이벡,KOSDAQ,294425838700
000320,노루홀딩스,KOSPI,293734437100
005950,이수화학,KOSPI,292654100970
241590,화승엔터프라이즈,KOSPI,292646203080
000490,대동,KOSPI,292016142450
003070,코오롱글로벌,KOSPI,291104330550
001780,알루코,KOSPI,290974546660
464080,에스오에스랩,KOSDAQ,290921599450
334890,이지스밸류플러스리츠,KOSPI,290642738355
138360,앤로보틱스,KOSDAQ,290258791940
255220,SG,KOSDAQ,289794933790
372170,윤성에프앤씨,KOSDAQ,289639442400
382800,지앤비에스 에코,KOSDAQ,289344162690
219130,타이거일렉,KOSDAQ,288878767500
474170,루미르,KOSDAQ,288824852160
199430,케이엔알시스템,KOSDAQ,288630713700
013890,지누스,KOSPI,287306576160
000650,천일고속,KOSPI,287273220000
361390,제노코,KOSDAQ,285847619450
377190,디앤디플랫폼리츠,KOSPI,284206000000
112290,와이씨켐,KOSDAQ,284106314500
000540,흥국화재,KOSPI,283631277675
289930,웨이비스,KOSDAQ,282512517000
404990,신한서부티엔디리츠,KOSPI,282426478105
134380,미원화학,KOSPI,281946157600
083310,엘오티베큠,KOSDAQ,281932822390
036800,나이스정보통신,KOSDAQ,280500000000
004980,성신양회,KOSPI,280218714390
012860,모베이스전자,KOSDAQ,279751805740
02826K,삼성물산우B,KOSPI,279282377000
267980,매일유업,KOSDAQ,278190059400
018310,삼목에스폼,KOSDAQ,276948000000
000050,경방,KOSPI,276894227000
005710,대원산업,KOSDAQ,276318504000
004310,현대약품,KOSPI,275840000000
043370,피에이치에이,KOSDAQ,275100000000
126700,하이비젼시스템,KOSDAQ,274785439680
194480,데브시스터즈,KOSDAQ,274725247500
488280,에스투더블유,KOSDAQ,274080873700
067080,대화제약,KOSDAQ,274037088000
092070,디엔에프,KOSDAQ,273674441700
417840,저스템,KOSDAQ,273553647170
388050,지투파워,KOSDAQ,273344874570
053300,한국정보인증,KOSDAQ,272897951230
084680,이월드,KOSPI,272835115332
256840,한국비엔씨,KOSDAQ,272211646280
064550,바이오니아,KOSDAQ,272040467140
194700,노바렉스,KOSDAQ,271997235200
078070,유비쿼스홀딩스,KOSDAQ,271817679680
008350,남선알미늄,KOSPI,271711484450
226320,잇츠한불,KOSPI,271265626550
000430,대원강업,KOSPI,270630000000
357580,아모센스,KOSDAQ,270089919350
190510,나무가,KOSDAQ,269170407870
024060,흥구석유,KOSDAQ,268950000000
030210,다올투자증권,KOSPI,268922532990
309710,아이티켐,KOSDAQ,268443021000
214180,헥토이노베이션,KOSDAQ,267663360200
079960,동양이엔피,KOSDAQ,267240000000
007160,사조산업,KOSPI,265500000000
182400,엔케이젠바이오텍코리아,KOSDAQ,265496721770
338220,뷰노,KOSDAQ,265474564080
0004V0,엔비알모션,KOSDAQ,265313934000
001130,대한제분,KOSPI,264485000000
126600,BGF에코머티리얼즈,KOSDAQ,264248644790
078150,HB테크놀러지,KOSDAQ,264240360600
051360,토비스,KOSDAQ,264045821100
481070,에이유브랜즈,KOSDAQ,263239600000
058820,CMG제약,KOSDAQ,262272032642
034810,해성산업,KOSDAQ,262082698850
203650,드림시큐리티,KOSDAQ,262033992560
125210,아모그린텍,KOSDAQ,261639089400
216080,제테마,KOSDAQ,261579965970
439090,마녀공장,KOSDAQ,261308564400
001790,대한제당,KOSPI,261017047800
039860,나노엔텍,KOSDAQ,260937413050
462860,더즌,KOSDAQ,260621281750
013120,동원개발,KOSDAQ,260165206500
004560,현대비앤지스틸,KOSPI,259355549200
405100,큐알티,KOSDAQ,259304251100
013580,계룡건설,KOSPI,258996303000
0030R0,대신밸류리츠,KOSPI,258548500000
402030,코난테크놀로지,KOSDAQ,258486127200
004710,한솔테크닉스,KOSPI,258451708140
176750,듀켐바이오,KOSDAQ,257235188800
000390,SP삼화,KOSPI,257072782050
121800,비덴트,KOSDAQ,256309348520
206640,바디텍메드,KOSDAQ,256103596490
353810,이지바이오,KOSDAQ,256054060800
314130,지놈앤컴퍼니,KOSDAQ,255282038740
136490,선진,KOSPI,254917354880
299030,하나기술,KOSDAQ,254637883500
484120,도우인시스,KOSDAQ,254212190400
122900,아이마켓코리아,KOSPI,254059184000
457550,우진엔텍,KOSDAQ,253941605500
033920,무학,KOSPI,253650000000
377460,큐에이드,KOSDAQ,253187202960
117580,대성에너지,KOSPI,252725000000
036030,케이티알파,KOSDAQ,250978728960
042600,새로닉스,KOSDAQ,250956194800
403850,더핑크퐁컴퍼니,KOSDAQ,250712144700
211270,AP위성,KOSDAQ,250517069440
293580,나우IB,KOSDAQ,250140418250
297090,씨에스베어링,KOSDAQ,249520500000
005500,삼진제약,KOSPI,249217200000
104480,티케이케미칼,KOSDAQ,249053489160
452450,피아이이,KOSDAQ,248956935000
035150,백산,KOSPI,248357628400
102120,어보브반도체,KOSDAQ,247685889290
285490,노바텍,KOSDAQ,247474445400
461300,아이스크림미디어,KOSDAQ,247425253800
095700,제넥신,KOSDAQ,247284882420
001630,종근당홀딩스,KOSPI,246986147300
010955,S-Oil우,KOSPI,246946317800
203400,에이비온,KOSDAQ,246877572960
0011A0,액스비스,KOSDAQ,246877423000
041020,폴라리스오피스,KOSDAQ,246431613280
119610,인터로조,KOSDAQ,245395560500
004380,삼익THK,KOSPI,245295000000
244920,에이플러스에셋,KOSPI,244163084400
487570,HS효성,KOSPI,244048218500
100120,뷰웍스,KOSDAQ,243573808650
011560,세보엠이씨,KOSDAQ,243225000000
270660,에브리봇,KOSDAQ,243151570280
380550,뉴로핏,KOSDAQ,243045883500
010580,에스엠벡셀,KOSPI,242528836800
036190,금화피에스시,KOSDAQ,241800000000
371950,풍원정밀,KOSDAQ,241129510720
028100,동아지질,KOSPI,241011036000
016880,웅진,KOSPI,240980146200
950250,테라뷰,KOSDAQ,240455038870
003220,대원제약,KOSPI,240423689760
237880,클리오,KOSDAQ,240168281370
002150,도화엔지니어링,KOSPI,240086400000
000480,CR홀딩스,KOSPI,240079308800
095570,AJ네트웍스,KOSPI,239839622700
051905,LG생활건강우,KOSPI,239785397400
009680,모토닉,KOSPI,239498695880
298690,에어부산,KOSPI,239112000000
210980,SK디앤디,KOSPI,238674837240
950140,잉글우드랩,KOSDAQ,238414392000
293780,압타바이오,KOSDAQ,237951140350
065710,서호전기,KOSDAQ,237930000000
469610,이노테크,KOSDAQ,237668340000
061090,세나테크놀로지,KOSDAQ,237668301200
025000,KPX케미칼,KOSPI,237326027800
019010,베뉴지,KOSDAQ,235939000000
073010,케이에스피,KOSDAQ,235922637500
053210,스카이라이프,KOSPI,234050553375
147830,제룡산업,KOSDAQ,233800000000
083930,아바코,KOSDAQ,233661804080
348950,제이알글로벌리츠,KOSPI,233298432000
008490,서흥,KOSPI,231960715650
039840,디오,KOSDAQ,231557191280
209640,와이제이링크,KOSDAQ,231527208440
036560,KZ정밀,KOSDAQ,231210000000
234690,녹십자웰빙,KOSDAQ,230469010700
003610,방림,KOSPI,229956343760
068930,디지털대성,KOSDAQ,229151831760
003350,한국화장품제조,KOSPI,228866000000
146320,비씨엔씨,KOSDAQ,228442925550
417010,나노팀,KOSDAQ,225934553600
121440,골프존홀딩스,KOSDAQ,224893294500
123330,제닉,KOSDAQ,224318342000
339770,교촌에프앤비,KOSPI,224093383800
308080,바이젠셀,KOSDAQ,223236941400
102260,동성케미컬,KOSPI,222946200400
007860,서연,KOSPI,222119324240
118990,모트렉스,KOSDAQ,221572460130
018470,조일알미늄,KOSPI,221478880029
033530,SJG세종,KOSPI,221176639950
017510,세명전기,KOSDAQ,221067000000
005960,동부건설,KOSPI,220976364690
016580,환인제약,KOSPI,220596830200
003547,대신증권2우B,KOSPI,220574992500
377450,리파인,KOSDAQ,220091000000
307180,아이엘,KOSDAQ,220083418820
001080,만호제강,KOSPI,219950000000
289080,SV인베스트먼트,KOSDAQ,219709522490
432320,KB스타리츠,KOSPI,219561927025
000860,강남제비스코,KOSPI,218920000000
264660,씨앤지하이테크,KOSDAQ,218726370000
264450,유비쿼스,KOSDAQ,218515845700
232680,라온로보틱스,KOSDAQ,218249391360
445180,퓨릿,KOSDAQ,218130795720
039570,HDC랩스,KOSPI,217784272390
003650,미창석유,KOSPI,217632967200
489500,엘케이켐,KOSDAQ,216906834800
054450,텔레칩스,KOSDAQ,216713974230
060150,인선이엔티,KOSDAQ,216055159680
140670,알에스오토메이션,KOSDAQ,215452515200
080160,모두투어,KOSDAQ,215271000000
007570,일양약품,KOSPI,214713720000
003555,LG우,KOSPI,214698488700
000140,하이트진로홀딩스,KOSPI,213734305650
051980,중앙첨단소재,KOSDAQ,213518264698
259630,엠플러스,KOSDAQ,212526709200
950170,JTC,KOSDAQ,212418758540
101970,우양에이치씨,KOSDAQ,212236629150
123860,아나패스,KOSDAQ,212159762500
032620,GC메디아이,KOSDAQ,211920384340
012610,경인양행,KOSPI,211827297850
039560,다산네트웍스,KOSDAQ,211763514340
179290,엠아이텍,KOSDAQ,211347877340
307750,국전,KOSDAQ,211086386080
052330,코텍,KOSDAQ,209053902530
081000,일진다이아,KOSPI,208925762250
458650,성우,KOSDAQ,207630246000
380540,옵티코어,KOSDAQ,206658130575
271980,제일약품,KOSPI,205868208000
475230,엔알비,KOSDAQ,205440174550
234080,JW생명과학,KOSPI,204740783220
002100,경농,KOSPI,204596586000
002990,금호건설,KOSPI,204592082800
106190,하이텍팜,KOSDAQ,204475916790
460850,동국씨엠,KOSPI,204207820480
418420,라온텍,KOSDAQ,204161204450
001045,CJ우,KOSPI,203646092300
004090,한국석유,KOSPI,203613684800
213500,한솔제지,KOSPI,203018913280
031440,신세계푸드,KOSPI,202530704000
040160,누리플렉스,KOSDAQ,202171321950
037350,성도이엔지,KOSDAQ,202140900000
002780,진흥기업,KOSPI,201769310315
003460,유화증권,KOSPI,201577085325
122990,와이솔,KOSDAQ,201125061550
025820,이구산업,KOSPI,200652000000
102460,이연제약,KOSPI,200551690690
340450,지씨지놈,KOSDAQ,200322216710
267320,나인테크,KOSDAQ,199805226600
453450,그리드위즈,KOSDAQ,199760162500
036710,심텍홀딩스,KOSDAQ,199688910120
474610,RF시스템즈,KOSDAQ,199591689600
115310,인포바인,KOSDAQ,199395543350
046440,KG파이낸셜,KOSDAQ,198796494460
282880,코윈테크,KOSDAQ,198565512360
100250,진양홀딩스,KOSPI,198409500000
119830,아이텍,KOSDAQ,197617672500
005160,동국산업,KOSDAQ,196636247250
056090,시지메드텍,KOSDAQ,196605204544
082800,비보존 제약,KOSDAQ,196124521180
158430,아톤,KOSDAQ,196101556920
008970,KBI동양철관,KOSPI,195600619695
037070,파세코,KOSDAQ,195600000000
473980,노머스,KOSDAQ,195161733300
282720,금양그린파워,KOSDAQ,195123950000
123410,코리아에프티,KOSDAQ,194330626720
088130,동아엘텍,KOSDAQ,194086985400
086890,이수앱지스,KOSDAQ,194066294800
017550,수산세보틱스,KOSPI,194061294300
002230,피에스텍,KOSDAQ,193787115200
054920,한컴위드,KOSDAQ,193569175660
204610,티쓰리,KOSDAQ,193331045800
333430,일승,KOSDAQ,193271238630
006060,화승인더,KOSPI,193066800000
000520,삼일제약,KOSPI,192840199790
038390,레드캡투어,KOSDAQ,192623869440
015230,대창단조,KOSPI,192448265800
001520,동양,KOSPI,191901986652
101170,우림피티에스,KOSDAQ,191835000000
220260,켐트로스,KOSDAQ,191790888900
264850,이랜시스,KOSDAQ,191461947840
032940,원익,KOSDAQ,191210847300
001360,삼성제약,KOSPI,191149020370
143160,아이디스,KOSDAQ,191073233700
012200,계양전기,KOSPI,190559803000
115500,케이씨에스,KOSDAQ,190440000000
452190,한빛레이저,KOSDAQ,190407633720
300080,플리토,KOSDAQ,190142795520
217270,넵튠,KOSDAQ,189980388795
047310,파워로직스,KOSDAQ,189643710900
101530,해태제과식품,KOSPI,189259343000
071840,롯데하이마트,KOSPI,189097773120
009580,무림P&P,KOSPI,188976021720
365330,에스와이스틸텍,KOSDAQ,188893815000
217820,원익피앤이,KOSDAQ,188631872025
187790,나노,KOSDAQ,188129063000
016790,현대사료,KOSDAQ,187340898626
086980,쇼박스,KOSDAQ,187287620000
317400,자이에스앤디,KOSPI,187125659000
114840,아이패밀리에스씨,KOSDAQ,187054920000
068790,DMS,KOSDAQ,186881454720
322180,LS티라유텍,KOSDAQ,186833317120
005430,한국공항,KOSPI,186181674000
290690,소룩스,KOSDAQ,186001409880
446540,메가터치,KOSDAQ,185381167860
334970,프레스티지바이오로직스,KOSDAQ,185051276060
048870,시너지이노베이션,KOSDAQ,185024622300
011785,금호석유화학우,KOSPI,184734994600
322510,제이엘케이,KOSDAQ,184711904560
097955,CJ제일제당 우,KOSPI,184645930300
400760,NH올원리츠,KOSPI,184562364000
092130,이크레더블,KOSDAQ,184387516000
290740,액트로,KOSDAQ,183787100860
126730,코칩,KOSDAQ,183734139700
143240,사람인,KOSDAQ,183315045480
049430,코메론,KOSDAQ,183222000000
214420,토니모리,KOSPI,183057020390
037560,LG헬로비전,KOSPI,182774601400
003480,한진중공업홀딩스,KOSPI,181903641920
016450,한세예스24홀딩스,KOSPI,181600000000
008830,대동기어,KOSDAQ,181547904000
053080,케이엔솔,KOSDAQ,181087311510
002170,SYTS,KOSPI,180600000000
149950,아바텍,KOSDAQ,179593617420
071200,인피니트헬스케어,KOSDAQ,179557930880
039830,오로라,KOSDAQ,179525005200
163730,핑거,KOSDAQ,178254463600
242040,나무기술,KOSDAQ,178222259600
024840,KBI메탈,KOSDAQ,178036914900
069510,에스텍,KOSDAQ,177942100000
009070,KCTC,KOSPI,177900000000
042420,네오위즈홀딩스,KOSDAQ,177501769400
272550,삼양패키징,KOSPI,177053770500
066620,국보디자인,KOSDAQ,177000000000
090350,노루페인트,KOSPI,176600000000
086670,비엠티,KOSDAQ,176581494150
038290,마크로젠,KOSDAQ,175847508000
049080,기가레인,KOSDAQ,175708528290
166480,코아스템켐온,KOSDAQ,175529648320
235980,메드팩토,KOSDAQ,175488619520
054540,삼영엠텍,KOSDAQ,174590000000
108230,톱텍,KOSDAQ,174526694550
293480,하나제약,KOSPI,174352600260
067280,멀티캠퍼스,KOSDAQ,174247302600
000300,DH오토넥스,KOSPI,174035631000
475580,에이럭스,KOSDAQ,173989973000
323990,박셀바이오,KOSDAQ,173964940600
047770,코데즈컴바인,KOSDAQ,173886756190
089470,HDC현대EP,KOSPI,173855000000
462520,조선내화,KOSPI,173678211200
011040,경동제약,KOSDAQ,173535840240
107600,새빗켐,KOSDAQ,173177287800
013990,아가방컴퍼니,KOSDAQ,172988439360
004960,한신공영,KOSPI,172403459800
023910,대한약품,KOSDAQ,171900000000
234030,싸이닉솔루션,KOSDAQ,171608350000
456070,이엔셀,KOSDAQ,171403634860
047560,이스트소프트,KOSDAQ,171377457200
067000,조이시티,KOSDAQ,171263442700
044820,코스맥스비티아이,KOSPI,171045833010
357880,SKAI,KOSDAQ,170823902700
210540,디와이파워,KOSPI,170594388600
148150,세경하이테크,KOSDAQ,170250098220
00279K,아모레퍼시픽홀딩스3우C,KOSPI,169858190000
396270,넥스트칩,KOSDAQ,169699143960
000020,동화약품,KOSPI,169264708200
007330,푸른저축은행,KOSDAQ,169229016000
03473K,SK우,KOSPI,168708230000
297890,HB솔루션,KOSDAQ,168224102200
0007J0,인벤테라,KOSDAQ,167932993900
172670,에이엘티,KOSDAQ,167825651070
105330,케이엔더블유,KOSDAQ,167666692320
000970,한국주철관,KOSPI,167583675000
065450,빅텍,KOSDAQ,166852979000
095190,신화프리텍,KOSDAQ,166740480410
192440,슈피겐코리아,KOSDAQ,166287710250
389030,지니너스,KOSDAQ,166286207200
360070,탑머티리얼,KOSDAQ,166180732900
083500,에프엔에스테크,KOSDAQ,165940220700
256940,킵스파마,KOSDAQ,165443931280
040300,YTN,KOSDAQ,165439120600
003830,대한화섬,KOSPI,165070400000
041440,현대에버다임,KOSDAQ,164826684800
024800,유성티엔에스,KOSDAQ,164324786220
013520,화승코퍼레이션,KOSPI,164168106560
079430,현대리바트,KOSPI,163871550360
067990,도이치모터스,KOSDAQ,163708495500
090470,제이스로보틱스,KOSDAQ,163580919840
156100,엘앤케이바이오,KOSDAQ,163386928430
059120,아진엑스텍,KOSDAQ,163142688060
000700,유수홀딩스,KOSPI,162761325000
182360,큐브엔터,KOSDAQ,162651420540
408470,한패스,KOSDAQ,161857320000
021080,에이티넘인베스트,KOSDAQ,161760000000
023600,삼보판지,KOSDAQ,161523747000
054800,아이디스홀딩스,KOSDAQ,161424993600
085670,뉴프렉스,KOSDAQ,161375022600
072870,메가스터디,KOSDAQ,161171365680
093190,빅솔론,KOSDAQ,161029634850
131030,옵투스제약,KOSDAQ,160407503100
080420,모다이노칩,KOSDAQ,160240460220
214390,경보제약,KOSPI,159697824800
260970,에스앤디,KOSDAQ,159680020800
066410,버킷스튜디오,KOSDAQ,159637252154
136540,윈스테크넷,KOSDAQ,159636698000
093640,케이알엠,KOSDAQ,159619553710
388790,라이콤,KOSDAQ,159499773600
046070,코다코,KOSDAQ,159196994920
215100,로보로보,KOSDAQ,158921425740
009270,신원,KOSPI,158842223912
063570,NICE인프라,KOSDAQ,158786935200
104460,디와이피엔에프,KOSDAQ,158718144090
214680,디알텍,KOSDAQ,158606406400
077500,유니퀘스트,KOSPI,158328747660
033340,좋은사람들,KOSDAQ,157738557866
025620,차AI헬스케어,KOSPI,157464366450
003100,선광,KOSDAQ,157410000000
014280,금강공업,KOSPI,157205353520
408920,메쎄이상,KOSDAQ,156717649375
396300,세아메카닉스,KOSDAQ,156288050000
078000,텔코웨어,KOSPI,156157301300
012320,경동인베스트,KOSPI,156091518000
005860,한일사료,KOSDAQ,155447537325
004970,신라교역,KOSPI,154880000000
062970,한국첨단소재,KOSDAQ,154710143940
036010,아비코전자,KOSDAQ,154596822420
041520,이엘씨,KOSDAQ,153821772600
136150,원일티엔아이,KOSDAQ,153791900500
027710,팜스토리,KOSDAQ,153643491400
464490,쿼드메디슨,KOSDAQ,153630671940
123040,엠에스오토텍,KOSDAQ,153439332550
115440,우리넷,KOSDAQ,153278946400
109740,디에스케이,KOSDAQ,153233924400
366030,공구우먼,KOSDAQ,152913487500
053700,삼보모터스,KOSDAQ,152793325020
021820,세원정공,KOSPI,152500000000
094280,효성ITX,KOSPI,152337076000
263720,디앤씨미디어,KOSDAQ,152178365660
021320,KCC건설,KOSDAQ,152154000000
007610,선도전기,KOSPI,152100000000
321370,센서뷰,KOSDAQ,151894823640
100130,동국S&C,KOSDAQ,151714665000
336680,탑런토탈솔루션,KOSDAQ,151689037250
225190,LK삼양,KOSDAQ,151507146000
038110,에코플라스틱,KOSDAQ,151503281600
382840,원준,KOSDAQ,151341367710
049960,쎌바이오텍,KOSDAQ,150400000000
012800,대창,KOSPI,150381823350
083420,그린케미칼,KOSPI,150240000000
070960,모나용평,KOSPI,150175998960
417500,제이아이테크,KOSDAQ,150154127520
306620,지아이에스,KOSDAQ,150090975265
011700,한신기계,KOSPI,149738986865
015890,태경산업,KOSPI,149651200000
016740,두올,KOSPI,149104924800
007540,샘표,KOSPI,148966440000
0015S0,페스카로,KOSDAQ,148888955700
331740,아우토크립트,KOSDAQ,148585290840
250060,모비스,KOSDAQ,148470614110
011280,태림포장,KOSPI,148338444300
005990,매일홀딩스,KOSDAQ,148143106560
310200,애니플러스,KOSDAQ,148142454240
413630,씨피시스템,KOSDAQ,147750518430
090850,현대이지웰,KOSDAQ,147702365420
476040,오가노이드사이언스,KOSDAQ,147521024000
298000,효성화학,KOSPI,147501447900
045970,코아시아,KOSDAQ,147363305600
139990,아주스틸,KOSPI,147270573200
008040,사조동아원,KOSPI,147072673200
107590,미원홀딩스,KOSPI,146856000000
006620,동구바이오제약,KOSDAQ,146594708800
240550,동방메디컬,KOSDAQ,146328240600
109610,에스와이,KOSDAQ,146233126000
037030,파워넷,KOSDAQ,146189444160
096250,와이즈넛,KOSDAQ,146124585600
129920,대성하이텍,KOSDAQ,145928163920
035000,HS애드,KOSPI,145706719560
027970,한국제지,KOSPI,145296173068
493330,지에프아이,KOSDAQ,144808452100
013310,아진산업,KOSDAQ,144748550860
071280,로체시스템즈,KOSDAQ,144705864380
350520,이지스레지던스리츠,KOSPI,144515511840
004250,NPC,KOSPI,144126000000
049720,고려신용정보,KOSDAQ,143858000000
007210,벽산,KOSPI,143792000000
002620,제일파마홀딩스,KOSPI,143760195000
443670,에스피소프트,KOSDAQ,143747487520
020120,키다리스튜디오,KOSPI,143622093250
079810,APS이노베이션,KOSDAQ,143592386980
363280,티와이홀딩스,KOSPI,143219121120
122450,KX,KOSDAQ,142975270460
049950,미래컴퍼니,KOSDAQ,142849720800
123690,한국화장품,KOSPI,142844520000
024090,디씨엠,KOSPI,142500000000
307930,컴퍼니케이,KOSDAQ,142363200000
066310,큐에스아이,KOSDAQ,142226666140
187870,디바이스,KOSDAQ,142139501800
002390,한독,KOSPI,141902025230
255440,야스,KOSDAQ,141679300000
001290,상상인증권,KOSPI,141379941600
089230,THE E&M,KOSDAQ,141290067060
159010,아스플로,KOSDAQ,141214886010
246710,티앤알바이오팹,KOSDAQ,141086931840
052420,오성첨단소재,KOSDAQ,141064299008
089600,KT나스미디어,KOSDAQ,141015906970
263860,지니언스,KOSDAQ,141006188000
225530,HC보광산업,KOSDAQ,140994260760
042510,라온시큐어,KOSDAQ,140736985440
141000,비아트론,KOSDAQ,140409488900
004140,동방,KOSPI,139837697890
014710,사조씨푸드,KOSPI,139814569160
002220,한일철강,KOSPI,139627715800
014530,극동유화,KOSPI,139477680000
131370,알서포트,KOSDAQ,139027086630
016710,대성홀딩스,KOSPI,139012925760
013570,디와이,KOSPI,138704465910
025950,동신건설,KOSDAQ,138600000000
035080,그래디언트,KOSDAQ,138432849240
205100,엑셈,KOSDAQ,138333329811
228670,레이,KOSDAQ,137788585010
052260,현대바이오랜드,KOSDAQ,137700000000
192410,오늘이엔엠,KOSDAQ,137651637400
004150,한솔홀딩스,KOSPI,137439177000
226400,오스테오닉,KOSDAQ,136986414630
309960,LB인베스트먼트,KOSDAQ,136981710100
047820,초록뱀미디어,KOSDAQ,136697468700
217330,싸이토젠,KOSDAQ,136464327300
010100,한국무브넥스,KOSPI,136417881600
067900,와이엔텍,KOSDAQ,136315445910
005800,신영와코루,KOSPI,135720000000
019180,티에이치엔,KOSPI,135720000000
267290,경동도시가스,KOSPI,135594338000
095270,웨이브일렉트로,KOSDAQ,135388064520
039980,폴라리스AI,KOSDAQ,135368521500
002460,HS화성,KOSPI,135096500000
023900,풍국주정,KOSDAQ,134946000000
086710,선진뷰티사이언스,KOSDAQ,134602178400
000440,중앙에너비스,KOSDAQ,134506008000
317770,엑스페릭스,KOSDAQ,134452918325
014790,HL D&I,KOSPI,134398033550
273640,와이엠텍,KOSDAQ,134333500000
042500,링네트,KOSDAQ,133969775440
381620,제닉스로보틱스,KOSDAQ,133540425600
005870,휴니드,KOSPI,133537501900
33626K,두산퓨얼셀1우,KOSPI,132171938000
269620,시스웍,KOSDAQ,132090012299
014580,태경비케이,KOSPI,131847218000
004080,신흥,KOSPI,131506000000
095720,웅진씽크빅,KOSPI,131156913334
463020,뉴엔AI,KOSDAQ,130701824000
337930,젝시믹스,KOSDAQ,130428107625
023800,인지컨트롤스,KOSPI,130425875250
067830,세이브존I&C,KOSPI,130304841625
036220,오상헬스케어,KOSDAQ,129786403120
014160,대영포장,KOSPI,129531486055
054050,농우바이오,KOSDAQ,129526932880
950130,엑세스바이오,KOSDAQ,128840546280
091120,이엠텍,KOSDAQ,128839678720
092040,아미코젠,KOSDAQ,128027561244
029480,광무,KOSDAQ,127798942480
265740,엔에프씨,KOSDAQ,127546104000
009780,엠에스씨,KOSDAQ,127424000000
019680,대교,KOSPI,127308383550
120030,조선선재,KOSPI,127274281200
007110,일신석재,KOSPI,126873927180
396470,워트,KOSDAQ,126864400000
389140,포바이포,KOSDAQ,126572549450
032300,한국파마,KOSDAQ,126517731600
227840,현대코퍼레이션홀딩스,KOSPI,126501620400
489460,바이오비쥬,KOSDAQ,125921879100
036690,코맥스,KOSDAQ,125692107675
411080,샌즈랩,KOSDAQ,125652660740
054620,APS,KOSDAQ,125632529430
088390,이녹스,KOSDAQ,125488734280
117670,알파칩스,KOSDAQ,125373984440
044990,에이치엔에스하이텍,KOSDAQ,125272427500
262260,에이프로,KOSDAQ,124860151760
37550L,DL이앤씨2우(전환),KOSPI,124605109000
248170,샘표식품,KOSPI,124485793500
049520,유아이엘,KOSDAQ,124449991875
251120,바이오에프디엔씨,KOSDAQ,124435467000
100700,세운메디칼,KOSDAQ,124392000000
078890,가온그룹,KOSDAQ,124184115820
036580,팜스코,KOSPI,124140447340
432470,케이엔에스,KOSDAQ,124117517400
088280,쏘닉스,KOSDAQ,124087533300
038540,상상인,KOSDAQ,123382137990
073560,우리손에프앤지,KOSDAQ,123035291611
339950,아이비김영,KOSDAQ,122479634875
331920,셀레믹스,KOSDAQ,122380578520
063170,서울옥션,KOSDAQ,122286956960
003310,대주산업,KOSDAQ,122280569250
015590,DKME,KOSPI,122045495160
074430,아미노로직스,KOSDAQ,121815832628
223250,드림씨아이에스,KOSDAQ,121772197800
063080,컴투스홀딩스,KOSDAQ,121681292400
0015N0,아로마티카,KOSDAQ,121428727500
205500,넥써쓰,KOSDAQ,120851306615
290720,푸드나무,KOSDAQ,120820168480
078140,대봉엘에스,KOSDAQ,120621979520
079980,휴비스,KOSPI,120232500000
081180,쎄크,KOSDAQ,120115531350
267850,아시아나IDT,KOSPI,120102000000
059210,메타바이오메드,KOSDAQ,120097786900
294630,서남,KOSDAQ,119966751450
001020,페이퍼코리아,KOSPI,119960752962
053260,금강철강,KOSDAQ,119808000000
096240,크레버스,KOSDAQ,119623325200
370090,퓨런티어,KOSDAQ,119538915100
018120,진로발효,KOSDAQ,119113948800
451220,아이엠티,KOSDAQ,118749133880
004100,태양금속,KOSPI,118724500000
417970,모델솔루션,KOSDAQ,118722752000
099750,이지케어텍,KOSDAQ,118698213370
053580,웹케시,KOSDAQ,118662633760
026150,특수건설,KOSDAQ,118613197560
024880,케이피에프,KOSDAQ,118556993520
388870,파로스아이바이오,KOSDAQ,118455277800
142210,유니트론텍,KOSDAQ,118075483070
330350,위더스제약,KOSDAQ,118027122660
034590,인천도시가스,KOSPI,117899620300
101670,하이드로리튬,KOSDAQ,117244891155
330730,스톤브릿지벤처스,KOSDAQ,117140646900
036420,콘텐트리중앙,KOSPI,116536963400
051160,지어소프트,KOSDAQ,116367713600
041590,플래스크,KOSDAQ,116064014460
024740,한일단조,KOSDAQ,115962097725
298540,더네이쳐홀딩스,KOSDAQ,115746224140
265560,영화테크,KOSDAQ,115560845800
357230,에이치피오,KOSDAQ,115208798040
008700,아남전자,KOSPI,115147356260
305090,마이크로디지탈,KOSDAQ,115103390450
418470,KT밀리의서재,KOSDAQ,115038546270
000230,일동홀딩스,KOSPI,114826980000
086960,MDS테크,KOSDAQ,114502048300
412350,레이저쎌,KOSDAQ,114327433440
448710,코츠테크놀로지,KOSDAQ,114162307200
048530,인트론바이오,KOSDAQ,114126475020
033290,로젠,KOSDAQ,113435728020
006840,AK홀딩스,KOSPI,113399122160
317830,에스피시스템스,KOSDAQ,113340565360
002450,삼익악기,KOSPI,113163643750
066700,테라젠이텍스,KOSDAQ,112757461160
377480,마음AI,KOSDAQ,112697858750
008260,NI스틸,KOSPI,112684460980
038460,바이오스마트,KOSDAQ,112471711900
439580,블루엠텍,KOSDAQ,112370536040
424960,스마트레이더시스템,KOSDAQ,112263599100
096350,대창솔루션,KOSDAQ,112222750290
017370,우신시스템,KOSPI,112082010480
067290,JW신약,KOSDAQ,112074206000
010660,화천기계,KOSPI,111760000000
208370,셀바스헬스케어,KOSDAQ,111714047760
003580,HLB글로벌,KOSPI,111713028525
058850,KTcs,KOSPI,111584992750
277880,티에스아이,KOSDAQ,111518851440
094840,슈프리마에이치큐,KOSDAQ,111299337150
278650,HLB바이오스텝,KOSDAQ,110870043648
131400,이브이첨단소재,KOSDAQ,110840900520
303810,동국생명과학,KOSDAQ,110665124400
261780,차백신연구소,KOSDAQ,110343283600
348350,위드텍,KOSDAQ,110263530000
048550,SM C&C,KOSDAQ,110254666800
460940,피앤에스로보틱스,KOSDAQ,110064190400
101330,모베이스,KOSDAQ,109832652605
105740,디케이락,KOSDAQ,109819940400
011370,서한,KOSDAQ,109571823390
362320,청담글로벌,KOSDAQ,109563682200
011810,STX,KOSPI,109493282310
084670,동양고속,KOSPI,109452508200
065440,이루온,KOSDAQ,109372830200
040910,아이씨디,KOSDAQ,109216737000
382480,지아이텍,KOSDAQ,108822492100
039340,한국경제TV,KOSDAQ,108790000000
030960,양지사,KOSDAQ,108664000000
001275,부국증권우,KOSPI,108600000000
025550,한국선재,KOSDAQ,108562087020
082850,우리바이오,KOSDAQ,108542734720
032560,황금에스티,KOSPI,108290000000
419050,삼기에너지솔루션즈,KOSDAQ,108100893600
463480,모티브링크,KOSDAQ,108043921760
149980,하이로닉,KOSDAQ,107879307670
014970,삼륭물산,KOSDAQ,107629500000
264900,크라운제과,KOSPI,107204156000
063160,종근당바이오,KOSPI,107031118620
006140,피제이전자,KOSDAQ,106800000000
066590,스모트로닉,KOSDAQ,106751106120
059270,해성에어로보틱스,KOSDAQ,106740258440
311320,지오엘리먼트,KOSDAQ,106719177600
222040,코스맥스엔비티,KOSDAQ,106646760000
005740,크라운해태홀딩스,KOSPI,106455477990
006660,삼성공조,KOSPI,106373450260
413390,엠오티,KOSDAQ,106306052400
100590,머큐리,KOSDAQ,106265179000
002200,한국수출포장,KOSPI,106210000000
001540,안국약품,KOSDAQ,105904450400
137950,제이씨케미칼,KOSDAQ,105883455570
009300,삼아제약,KOSDAQ,105742000000
315640,딥노이드,KOSDAQ,105740035200
023450,동남합성,KOSPI,105700000000
950190,고스트스튜디오,KOSDAQ,105698519080
163560,동일고무벨트,KOSPI,104806000000
004440,삼일씨엔에스,KOSPI,104656604340
234300,에스트래픽,KOSDAQ,104613914100
475430,키스트론,KOSDAQ,104589924600
347860,알체라,KOSDAQ,104519594700
007820,엠엑스로보틱스,KOSDAQ,104376858660
006890,태경케미컬,KOSPI,104284000000
041930,SY동아,KOSDAQ,104120000000
291650,압타머사이언스,KOSDAQ,104071907610
004840,DRB동일,KOSPI,103878041960
352090,스톰테크,KOSDAQ,103864137270
043610,KT지니뮤직,KOSDAQ,103852287706
217190,제너셈,KOSDAQ,103783174290
382150,온코크로스,KOSDAQ,103665634500
205470,휴마시스,KOSDAQ,103629382209
035610,솔본,KOSDAQ,103504598645
052860,아이앤씨,KOSDAQ,103425924660
019550,SBI인베스트먼트,KOSDAQ,103398474850
078935,GS우,KOSPI,103341425400
201490,미투온,KOSDAQ,103322377700
348150,고바이오랩,KOSDAQ,103308489480
002700,신일전자,KOSPI,103250045954
058630,엠게임,KOSDAQ,102925796640
263600,덕우전자,KOSDAQ,102909802600
007980,TP,KOSPI,102705196500
228850,레이언스,KOSDAQ,102698376660
347890,엠엑스온,KOSDAQ,102457752160
033130,디지틀조선,KOSDAQ,102438136920
064800,포니링크,KOSDAQ,102118031102
054670,대한뉴팜,KOSDAQ,102063481200
049480,오픈베이스,KOSDAQ,101965632835
046940,우원개발,KOSDAQ,101939334000
013360,일성건설,KOSPI,101890923680
311690,CJ 바이오사이언스,KOSDAQ,101779948980
091440,한울소재과학,KOSDAQ,101754563200
105550,엣지파운드리,KOSDAQ,101329323994
124560,태웅로직스,KOSDAQ,101254920765
299170,더블유에스아이,KOSDAQ,101079986280
067370,선바이오,KOSDAQ,100962635400
191420,테고사이언스,KOSDAQ,100954983300
238090,앤디포스,KOSDAQ,100923356400
119650,KC코트렐,KOSPI,100782913662
019990,에너토크,KOSDAQ,100585267280
036630,세종텔레콤,KOSDAQ,100500000000
039610,화성밸브,KOSDAQ,100460360000
000180,성창기업지주,KOSPI,100442304000
173130,오파스넷,KOSDAQ,100066447910
058860,KTis,KOSPI,100055750000
120240,대정화금,KOSDAQ,99802627080
012700,리드코프,KOSDAQ,99802386120
461030,아이엠비디엑스,KOSDAQ,99768238320
002720,국제약품,KOSPI,99662808720
065530,와이어블,KOSDAQ,99504618720
246720,아스타,KOSDAQ,99434491000
041910,폴라리스AI파마,KOSDAQ,99359458000
095910,에스에너지,KOSDAQ,99209777940
251630,브이원텍,KOSDAQ,99164750920
175140,휴먼테크놀로지,KOSDAQ,99028684410
004060,SG세계물산,KOSPI,98985805440
084650,랩지노믹스,KOSDAQ,98590706720
212560,네오오토,KOSDAQ,98514089940
453860,에이에스텍,KOSDAQ,98406339210
020710,시공테크,KOSDAQ,98335292850
033230,인성정보,KOSDAQ,98302929480
060560,HC홈센타,KOSDAQ,98124623865
348080,큐라티스,KOSDAQ,97901414288
023000,삼원강재,KOSPI,97600000000
011150,CJ씨푸드,KOSPI,97552048695
072950,빛샘전자,KOSDAQ,97517107100
048430,유라테크,KOSDAQ,97459200000
019540,일지테크,KOSDAQ,97432335000
066790,씨씨에스,KOSDAQ,97271994227
001260,남광토건,KOSPI,97145811360
290670,대보마그네틱,KOSDAQ,97042101000
096775,SK이노베이션우,KOSPI,97002700200
093920,서원인텍,KOSDAQ,96906000000
084730,팅크웨어,KOSDAQ,96874177280
014950,삼익제약,KOSDAQ,96873451840
048910,대원미디어,KOSDAQ,96857884200
046210,HLB파나진,KOSDAQ,96746915000
083790,CG인바이츠,KOSDAQ,96732880956
004650,창해에탄올,KOSDAQ,96688110200
068240,다원시스,KOSDAQ,96553495610
140070,서플러스글로벌,KOSDAQ,96538680000
007460,에이프로젠,KOSPI,96486373790
290660,다이나믹솔루션,KOSDAQ,96408948372
004890,동일산업,KOSPI,96402296250
010960,삼호개발,KOSPI,96359400000
033320,제이씨현시스템,KOSDAQ,96336737280
044340,위닉스,KOSDAQ,96159026500
014440,영보화학,KOSPI,95500000000
323350,다원넥스뷰,KOSDAQ,95488402240
055490,테이팩스,KOSPI,95393000000
302550,리메드,KOSDAQ,95348557750
072020,중앙백신,KOSDAQ,95343564960
134580,탑코미디어,KOSDAQ,94841942676
056360,코위버,KOSDAQ,94833024000
060590,씨티씨바이오,KOSDAQ,94668693300
241690,유니테크노,KOSDAQ,94579278690
058400,KNN,KOSDAQ,94422390360
040420,정상제이엘에스,KOSDAQ,94222087520
099220,SDN,KOSDAQ,94104363150
005750,대림바스,KOSPI,94031433600
002210,동성제약,KOSPI,94010780311
024830,세원물산,KOSDAQ,93937500000
299660,셀리드,KOSDAQ,93819466860
013870,지엠비코리아,KOSPI,93549533400
253840,수젠텍,KOSDAQ,93427056000
071090,하이스틸,KOSPI,93284596020
110790,크리스에프앤씨,KOSDAQ,93020911200
478560,블랙야크아이앤씨,KOSDAQ,92989072800
000590,CS홀딩스,KOSPI,92820352800
067570,엔브이에이치코리아,KOSDAQ,92774000000
007280,한국특강,KOSPI,92679485964
076610,해성옵틱스,KOSDAQ,92472090160
054040,한국컴퓨터,KOSDAQ,92409917500
011320,유니크,KOSDAQ,92352922100
126880,제이엔케이글로벌,KOSDAQ,92239489425
085310,엔케이,KOSPI,92211096418
004720,팜젠사이언스,KOSPI,92099135890
171120,라이온켐텍,KOSDAQ,91908505600
001560,제일연마,KOSPI,91732000000
214270,FSN,KOSDAQ,91706965250
060570,드림어스컴퍼니,KOSDAQ,91663645801
100220,비상교육,KOSPI,91367089230
068290,삼성출판사,KOSPI,91300000000
032850,비트컴퓨터,KOSDAQ,91261878570
023810,인팩,KOSPI,91200000000
031820,아이티센씨티에스,KOSPI,91151753898
347000,센코,KOSDAQ,90935084630
039010,현대에이치티,KOSDAQ,90907500000
192250,케이사인,KOSDAQ,90812556250
451250,삐아,KOSDAQ,90805787760
104040,디에스엠,KOSDAQ,90763918202
003010,혜인,KOSPI,90641886110
000105,유한양행우,KOSPI,90460004000
065510,휴비츠,KOSDAQ,90393741810
217500,러셀,KOSDAQ,90187020000
038680,에스넷,KOSDAQ,90005141840
128660,피제이메탈,KOSDAQ,89664178935
391710,코닉오토메이션,KOSDAQ,89502987000
009180,한솔로지스틱스,KOSPI,89394744375
203690,아크솔루션스,KOSDAQ,89196141000
338100,NH프라임리츠,KOSPI,89008200000
109070,주성코퍼레이션,KOSPI,88985237550
002800,신신제약,KOSDAQ,88899130000
111380,동인기연,KOSPI,88856000000
016250,SGC E&C,KOSDAQ,88852433040
443250,레뷰코퍼레이션,KOSDAQ,88767947200
187420,HLB제넥스,KOSDAQ,88736796960
081150,티플랙스,KOSDAQ,88701009310
071670,에이테크솔루션,KOSDAQ,88500000000
900250,크리스탈신소재,KOSDAQ,88391422468
101140,인바이오젠,KOSPI,88288658640
002600,조흥,KOSPI,88200000000
170030,현대공업,KOSDAQ,88051600000
212710,아이에스티이,KOSDAQ,87857789140
061040,알에프텍,KOSDAQ,87632039755
435570,에르코스,KOSDAQ,87595304500
036640,HRS,KOSDAQ,87498180000
216050,인크로스,KOSDAQ,87462341820
094940,푸른기술,KOSDAQ,87460097560
014470,부방,KOSDAQ,87436090560
053280,예스24,KOSDAQ,87375000000
018500,동원금속,KOSPI,87151195112
263800,데이타솔루션,KOSDAQ,87130290600
066430,아이로보틱스,KOSDAQ,86920716720
227950,엔투텍,KOSDAQ,86788146641
214330,금호에이치티,KOSPI,86782510980
378800,샤페론,KOSDAQ,86751926156
396690,미래에셋글로벌리츠,KOSPI,86737008600
012690,모나리자,KOSPI,86491018075
111710,남화산업,KOSDAQ,86469600000
006880,신송홀딩스,KOSPI,86468951980
408900,스튜디오미르,KOSDAQ,86467732560
102370,케이옥션,KOSDAQ,86452741750
307870,비투엔,KOSDAQ,85964272745
130580,나이스디앤비,KOSDAQ,85932000000
360350,코셈,KOSDAQ,85919550000
215360,우리산업,KOSDAQ,85294402420
000850,화천기공,KOSPI,85250000000
004590,한국가구,KOSDAQ,85200000000
207760,미스터블루,KOSDAQ,85156777575
459100,위츠,KOSDAQ,85105752000
009200,무림페이퍼,KOSPI,85091038950
162300,신스틸,KOSDAQ,85016333100
027830,대성창투,KOSDAQ,84996000000
214260,라파스,KOSDAQ,84763398500
109080,옵티시스,KOSDAQ,84596360000
123420,위메이드플레이,KOSDAQ,84418672000
452400,이닉스,KOSDAQ,84273566120
036090,위지트,KOSDAQ,84058521640
142280,녹십자엠에스,KOSDAQ,84032543990
120115,코오롱인더우,KOSPI,84004551000
049180,셀루메드,KOSDAQ,83948814126
246690,TS인베스트먼트,KOSDAQ,83842274670
183490,엔지켐생명과학,KOSDAQ,83793832650
017650,대림제지,KOSDAQ,83633200000
104620,노랑풍선,KOSDAQ,83296285160
163280,에어레인,KOSDAQ,83250837360
241790,티이엠씨씨엔에스,KOSDAQ,83221914880
052900,KX하이텍,KOSDAQ,83169034704
053450,세코닉스,KOSDAQ,83135552860
208140,정다운,KOSDAQ,83017984840
127980,화인써키트,KOSDAQ,83003194840
037440,희림,KOSDAQ,82838726250
417790,트루엔,KOSDAQ,82804972810
001550,조비,KOSPI,82712367270
013700,까뮤이앤씨,KOSPI,82695148720
007590,동방아그로,KOSPI,82522516620
302430,이노메트리,KOSDAQ,82500615120
010040,한국내화,KOSPI,82093056938
045660,에이텍,KOSDAQ,81939200000
089850,유비벨록스,KOSDAQ,81899906440
175250,아이큐어,KOSDAQ,81501658560
168330,내츄럴엔도텍,KOSDAQ,81292544000
069730,DSR제강,KOSPI,81216000000
136410,아셈스,KOSDAQ,81210811220
412540,제일엠앤에스,KOSDAQ,81063616775
204840,지엘팜텍,KOSDAQ,81038711270
479960,위너스일렉,KOSDAQ,80910310000
340360,다보링크,KOSDAQ,80905547688
261520,이지스,KOSDAQ,80886286000
424980,마이크로투나노,KOSDAQ,80852037400
480370,씨케이솔루션,KOSPI,80391484800
222110,팬젠,KOSDAQ,80290472150
027050,코리아나,KOSDAQ,80200000000
159580,제로투세븐,KOSDAQ,80030380820
037760,쎄니트,KOSDAQ,80014858165
039240,경남스틸,KOSDAQ,79724729820
001470,삼부토건,KOSPI,79699592928
222160,NPX,KOSDAQ,79551289560
066980,한성크린텍,KOSDAQ,79512676375
006090,사조오양,KOSPI,79433689770
376930,노을,KOSDAQ,79398968004
094850,참좋은여행,KOSDAQ,79380000000
061250,화일약품,KOSDAQ,79377823721
041460,한국전자인증,KOSDAQ,79325000000
099410,동방선기,KOSDAQ,79240000000
049470,비트플래닛,KOSDAQ,79110862656
067920,이글루,KOSDAQ,79062095610
145170,노브랜드,KOSDAQ,78962251350
032540,TJ미디어,KOSDAQ,78783247010
458350,에스팀,KOSDAQ,78756624000
317690,퀀타매트릭스,KOSDAQ,78727963390
025560,미래산업,KOSPI,78653292600
011000,진원생명과학,KOSPI,78613714555
039020,이건홀딩스,KOSDAQ,78481863775
950220,네오이뮨텍,KOSDAQ,78454773540
000725,현대건설우,KOSPI,78363689900
043710,서울리거,KOSDAQ,78339071550
053050,지에스이,KOSDAQ,78267628170
011390,부산산업,KOSPI,78249600000
017480,삼현철강,KOSDAQ,78200392200
446840,지슨,KOSDAQ,78162894777
016090,대현,KOSPI,78158277150
009770,삼정펄프,KOSPI,77749098100
155650,와이엠씨,KOSDAQ,77699996010
004830,덕성,KOSPI,77694400000
042110,에스씨디,KOSDAQ,77375631964
010280,아이티센엔텍,KOSDAQ,77367056580
060310,3S,KOSDAQ,77147844160
054930,유신,KOSDAQ,77100000000
024900,디와이덕양,KOSPI,77016177700
058730,다스코,KOSPI,76900391955
226330,신테카바이오,KOSDAQ,76899365750
002795,아모레퍼시픽홀딩스우,KOSPI,76829310880
260930,씨티케이,KOSDAQ,76592700360
222420,쎄노텍,KOSDAQ,76541279528
043650,국순당,KOSDAQ,76433541120
294140,레몬,KOSDAQ,76322455290
003925,남양유업우,KOSPI,76300000000
153710,옵티팜,KOSDAQ,76137082020
064240,홈캐스트,KOSDAQ,75980409690
003780,진양산업,KOSPI,75660000000
009835,한화솔루션우,KOSPI,75586493150
147760,피엠티,KOSDAQ,75522664680
317870,엔바이오니아,KOSDAQ,75332945400
012790,신일제약,KOSDAQ,75274686200
333620,엔시스,KOSDAQ,75266732720
288620,에스프리즘,KOSDAQ,75167233320
129260,인터지스,KOSPI,75113381850
033170,시그네틱스,KOSDAQ,75098007444
072470,우리산업홀딩스,KOSDAQ,74982743770
321820,아티스트컴퍼니,KOSDAQ,74916561680
347740,피엔케이피부임상연구센타,KOSDAQ,74876387120
331380,포커스에이아이,KOSDAQ,74870539590
457370,한켐,KOSDAQ,74816603520
317850,대모,KOSDAQ,74753291600
047400,유니온머티리얼,KOSPI,74676000000
004540,깨끗한나라,KOSPI,74667589465
900260,로스웰,KOSDAQ,74568123720
104540,코렌텍,KOSDAQ,74540864200
234100,폴라리스세원,KOSDAQ,74468346660
040610,SG&G,KOSDAQ,74139651300
036000,예림당,KOSDAQ,73824857785
111110,호전실업,KOSPI,73789120000
021050,서원,KOSPI,73585614500
049550,잉크테크,KOSDAQ,73523538750
087260,모바일어플라이언스,KOSDAQ,73406701555
001465,BYC우,KOSPI,73230900000
0013V0,삼진식품,KOSDAQ,72902121600
219550,디와이디,KOSDAQ,72819859931
198440,강동씨앤엘,KOSDAQ,72813615720
170790,파이오링크,KOSDAQ,72801672300
024910,경창산업,KOSDAQ,72712580150
459550,알트,KOSDAQ,72696530100
010470,오리콤,KOSDAQ,72568803000
080010,이상네트웍스,KOSDAQ,72386122560
373200,엑스플러스,KOSDAQ,72325014869
006980,우성,KOSPI,72306000000
000220,유유제약,KOSPI,72302329995
052220,iMBC,KOSDAQ,72105000000
155660,DSR,KOSPI,72080000000
460870,에스엠씨지,KOSDAQ,72063161360
042940,상지건설,KOSDAQ,71906337360
234920,자이글,KOSDAQ,71849132100
372910,한컴라이프케어,KOSPI,71676711540
318160,셀바이오휴먼텍,KOSDAQ,71460187650
001620,케이비아이동국실업,KOSPI,71450125902
040350,크레오에스지,KOSDAQ,71445147852
033310,엠투엔,KOSDAQ,71390806416
340440,세림B&G,KOSDAQ,71229693640
184230,SGA솔루션즈,KOSDAQ,71207681584
092300,현우산업,KOSDAQ,70770512240
317530,에피소드컴퍼니,KOSDAQ,70766797690
177900,쓰리에이로직스,KOSDAQ,70762860000
306040,에스제이그룹,KOSDAQ,70737986760
037230,한국팩키지,KOSDAQ,70626774990
002140,고려산업,KOSPI,70578572750
000910,유니온,KOSPI,70564517880
393210,토마토시스템,KOSDAQ,70343520720
036670,삼양케이씨아이,KOSDAQ,70324800000
065500,오리엔트정공,KOSDAQ,70308758880
015710,코콤,KOSDAQ,70297305000
299900,위지윅스튜디오,KOSDAQ,70130042440
321260,프로이천,KOSDAQ,70057328740
007370,진양제약,KOSDAQ,69966205650
352910,오비고,KOSDAQ,69760667040
039420,케이엘넷,KOSDAQ,69758861760
950200,소마젠,KOSDAQ,69730692125
010240,흥국,KOSDAQ,69650700000
073640,테라사이언스,KOSDAQ,69571715580
092440,기신정기,KOSPI,69496000000
215090,솔디펜스,KOSDAQ,69466983000
246960,SCL사이언스,KOSDAQ,69394775880
289220,자이언트스텝,KOSDAQ,69391007310
332370,아이디피,KOSDAQ,69288849720
373160,데이원컴퍼니,KOSDAQ,69175419690
036120,서울평가정보,KOSDAQ,69095070000
206560,덱스터,KOSDAQ,68865804560
068330,일신바이오,KOSDAQ,68756097700
002760,보락,KOSPI,68705300000
384470,코어라인소프트,KOSDAQ,68287163060
072990,에이치시티,KOSDAQ,68214059230
256630,포인트엔지니어링,KOSDAQ,68146559600
109860,동일금속,KOSDAQ,67886000000
006490,인스코비,KOSPI,67837044405
024950,삼천리자전거,KOSDAQ,67827978470
196300,HLB펩,KOSDAQ,67731283500
122310,제노레이,KOSDAQ,67238759280
218150,미래생명자원,KOSDAQ,67065909570
065170,비엘팜텍,KOSDAQ,66993103200
0010F0,보원케미칼,KOSDAQ,66973042010
037330,인지디스플레,KOSDAQ,66924966600
092780,DYP,KOSPI,66764092200
378850,화승알앤에이,KOSPI,66762584845
407400,꿈비,KOSDAQ,66733475040
199550,레이저옵텍,KOSDAQ,66603245130
232830,아이티센피엔에스,KOSDAQ,66548247150
063440,SM Life Design,KOSDAQ,66483506988
189860,서전기전,KOSDAQ,66436643000
072130,유엔젤,KOSPI,66397224420
053350,이니텍,KOSDAQ,66393510975
009190,대양금속,KOSPI,66343872000
150900,파수에이아이,KOSDAQ,66244198520
137080,나래나노텍,KOSDAQ,66135343560
351330,이삭엔지니어링,KOSDAQ,66059504400
198080,캐프,KOSDAQ,65897666100
452200,민테크,KOSDAQ,65816647085
189980,흥국에프엔비,KOSDAQ,65745760626
088910,동우팜투테이블,KOSDAQ,65612680560
263690,디알젬,KOSDAQ,65235513600
005670,푸드웰,KOSDAQ,65200000000
104200,NHN벅스,KOSDAQ,65167082250
097800,윈팩,KOSDAQ,65086759233
082210,옵트론텍,KOSDAQ,65031793800
004770,써니전자,KOSPI,64907596664
37550K,DL이앤씨우,KOSPI,64896269500
053270,구영테크,KOSDAQ,64688555800
444530,심플랫폼,KOSDAQ,64611952300
004780,대륙제관,KOSDAQ,64566987940
096630,에스코넥,KOSDAQ,64537253808
303360,프로티아,KOSDAQ,64527372150
050960,수산아이앤티,KOSDAQ,64404540000
008370,원풍,KOSDAQ,64320000000
215790,이노인스트루먼트,KOSDAQ,64291905804
007815,코리아써우,KOSPI,64037304000
067170,오텍,KOSDAQ,63986896530
002630,오리엔트바이오,KOSPI,63679073685
054300,팬스타엔터프라이즈,KOSDAQ,63600168555
004920,씨아이테크,KOSPI,63502904224
173940,에프엔씨엔터,KOSDAQ,63264440880
452300,캡스톤파트너스,KOSDAQ,63125144775
133820,화인베스틸,KOSPI,63094653400
365590,하이딥,KOSDAQ,62996725770
196450,코아시아씨엠,KOSDAQ,62948899398
261200,덴티스,KOSDAQ,62764509000
153460,네이블,KOSDAQ,62753434540
089790,제이티,KOSDAQ,62718319040
413640,비아이매트릭스,KOSDAQ,62700378000
014190,원익큐브,KOSDAQ,62622433714
001840,이화공영,KOSDAQ,62588831935
004450,삼화왕관,KOSPI,62584709950
004410,서울식품,KOSPI,62338921488
004910,조광페인트,KOSPI,62336000000
0010V0,제이피아이헬스케어,KOSDAQ,62285880000
053620,태양,KOSDAQ,62264000000
005305,롯데칠성우,KOSPI,62257393000
053980,오상자이엘,KOSDAQ,62168614325
100030,인지소프트,KOSDAQ,62127868880
189330,씨이랩,KOSDAQ,62110720080
238120,얼라인드,KOSDAQ,62044936240
294090,이오플로우,KOSDAQ,61997566450
048770,TPC로보틱스,KOSDAQ,61928574495
185490,아이진,KOSDAQ,61905050688
052790,액토즈소프트,KOSDAQ,61832936020
006370,대구백화점,KOSPI,61683182700
297570,알로이스,KOSDAQ,61660389258
045340,토탈소프트,KOSDAQ,61617888000
440290,HB인베스트먼트,KOSDAQ,61614403200
127710,아시아경제,KOSDAQ,61580795580
239890,피엔에이치테크,KOSDAQ,61502323450
038010,제일테크노스,KOSDAQ,61470000000
070300,엑스큐어,KOSDAQ,61181079750
066360,체리부로,KOSDAQ,61090867110
452160,제이엔비,KOSDAQ,60878945910
017180,명문제약,KOSPI,60708775752
090410,덕신이피씨,KOSDAQ,60508416735
010770,평화홀딩스,KOSPI,60476301910
094970,제이엠티,KOSDAQ,60461146400
364950,에이아이코리아,KOSDAQ,60398119600
143540,영우디에스피,KOSDAQ,60209858250
237820,플레이디,KOSDAQ,60159286600
041650,상신브레이크,KOSPI,60120060000
053950,경남제약,KOSDAQ,60095318302
432430,와이랩,KOSDAQ,60090284800
419080,엔젯,KOSDAQ,60050469940
033830,티비씨,KOSDAQ,59900000000
037950,엘컴텍,KOSDAQ,59873290971
123700,SJM,KOSPI,59844783830
033560,블루콤,KOSDAQ,59764500000
357250,미래에셋맵스리츠,KOSPI,59738300950
311390,네오크레마,KOSDAQ,59725884080
089150,케이씨티,KOSDAQ,59596250000
466410,사이냅소프트,KOSDAQ,59537611860
419120,산돌,KOSDAQ,59462182480
008420,문배철강,KOSPI,59460164500
003465,유화증권우,KOSPI,59245080750
223310,사토시홀딩스,KOSDAQ,59202811850
28513K,SK케미칼우,KOSPI,59020469100
471820,셀로맥스사이언스,KOSDAQ,59001028380
038070,서린바이오,KOSDAQ,58966285840
072770,멤레이비티,KOSDAQ,58698106572
460470,아이빔테크놀로지,KOSDAQ,58663155600
277070,린드먼아시아,KOSDAQ,58601760000
114450,그린생명과학,KOSDAQ,58600000000
450330,하스,KOSDAQ,58454059020
075180,새론오토모티브,KOSPI,58368000000
369370,블리츠웨이엔터테인먼트,KOSDAQ,58350135870
093240,형지엘리트,KOSPI,58320746050
007680,대원,KOSDAQ,58290464790
000890,보해양조,KOSPI,58286694438
219420,링크제니시스,KOSDAQ,58265095560
001210,금호전기,KOSPI,58229158103
476080,M83,KOSDAQ,58206330000
099520,DGI,KOSDAQ,58141862016
026940,부국철강,KOSPI,58000000000
465480,인스피언,KOSDAQ,57988055840
052460,아이크래프트,KOSDAQ,57847426560
023350,한국종합기술,KOSPI,57816000000
122350,삼기,KOSDAQ,57739178568
088340,유라클,KOSDAQ,57653301280
105760,포스뱅크,KOSDAQ,57604010420
003475,유안타증권우,KOSPI,57523904460
025530,SJM홀딩스,KOSPI,57495930800
245620,EDGC,KOSDAQ,57474989665
000950,전방,KOSPI,57372000000
066130,하츠,KOSDAQ,57344000000
097870,효성오앤비,KOSDAQ,57307500000
403490,우듬지팜,KOSDAQ,57277782608
100660,서암기계공업,KOSDAQ,57267000000
035460,기산텔레콤,KOSDAQ,57154308900
014990,인디에프,KOSPI,57010763205
012280,영화금속,KOSPI,56934284510
079000,와토스코리아,KOSDAQ,56880000000
056700,신화인터텍,KOSDAQ,56842562541
057540,옴니시스템,KOSDAQ,56840314476
038060,루멘스,KOSDAQ,56761621420
189690,포시에스,KOSDAQ,56693085675
033200,모아텍,KOSDAQ,56608180750
122690,서진오토모티브,KOSDAQ,56428560870
007530,와이엠,KOSDAQ,56414475585
051490,나라엠앤디,KOSDAQ,56374000000
352700,씨앤투스,KOSDAQ,56363948355
126640,화신정공,KOSDAQ,56229679640
011330,유니켐,KOSPI,56187022451
007120,미래아이앤지,KOSPI,55908985088
361570,알비더블유,KOSDAQ,55905700995
043910,자연과환경,KOSDAQ,55901988301
221840,하이즈항공,KOSDAQ,55727671780
090080,평화산업,KOSPI,55670890626
190650,코리아에셋투자증권,KOSDAQ,55639480000
340930,유일에너테크,KOSDAQ,55513882710
260660,알리코제약,KOSDAQ,55483816020
050110,캠시스,KOSDAQ,55351814762
200350,아티스트스튜디오,KOSDAQ,55178058000
332290,누보,KOSDAQ,55147886328
032860,더라미,KOSDAQ,55059561269
229000,젠큐릭스,KOSDAQ,54821906100
217480,에스디생명공학,KOSDAQ,54756837359
900300,오가닉티코스메틱,KOSDAQ,54719062968
049800,우진플라임,KOSPI,54700000000
066670,디티씨,KOSDAQ,54580400560
417860,오브젠,KOSDAQ,54578047720
012160,영흥,KOSPI,54302359392
376180,피코그램,KOSDAQ,54291036150
009320,아진전자부품,KOSPI,54229747000
314140,알피바이오,KOSDAQ,54164756250
053160,프리엠스,KOSDAQ,54120000000
054780,키이스트,KOSDAQ,54058930750
273060,와이즈버즈,KOSDAQ,53991752740
003080,SB성보,KOSPI,53953900000
046310,백금T&A,KOSDAQ,53688956070
006920,모헨즈,KOSDAQ,53671800000
355390,크라우드웍스,KOSDAQ,53351495575
171010,램테크놀러지,KOSDAQ,53334344960
033540,파라텍,KOSDAQ,53239011289
002290,삼일기업공사,KOSDAQ,53196000000
002410,범양건영,KOSPI,53173451700
103840,우양,KOSDAQ,53109058860
086040,바이오톡스텍,KOSDAQ,53061171275
35320K,대덕전자1우,KOSPI,52911854750
065130,탑엔지니어링,KOSDAQ,52813200000
219750,한국비티비,KOSDAQ,52734069310
307280,원바이오젠,KOSDAQ,52713078610
060850,영림원소프트랩,KOSDAQ,52688880000
078590,휴림에이텍,KOSDAQ,52457053425
250000,보라티알,KOSDAQ,52318180750
073110,엘엠에스,KOSDAQ,52307039400
016600,큐캐피탈,KOSDAQ,52226403816
006125,SK디스커버리우,KOSPI,52224292000
388610,지에프씨생명과학,KOSDAQ,52188496560
263020,디케이앤디,KOSDAQ,52162270420
043340,에쎈테크,KOSDAQ,52155000000
027740,마니커,KOSPI,52142718188
290120,DH오토리드,KOSDAQ,52140900455
199480,뱅크웨어글로벌,KOSDAQ,52002598800
064480,브리지텍,KOSDAQ,51873850000
430690,한싹,KOSDAQ,51861756520
087600,픽셀플러스,KOSDAQ,51857643300
096610,알에프세미,KOSDAQ,51550708615
434480,모니터랩,KOSDAQ,51457054000
263700,케어랩스,KOSDAQ,51350559000
466910,엔에이치스팩30호,KOSDAQ,51324000000
091590,남화토건,KOSDAQ,51303800000
464280,티디에스팜,KOSDAQ,51207800000
376290,씨유테크,KOSDAQ,51206750000
119500,포메탈,KOSDAQ,51180042240
464500,아이언디바이스,KOSDAQ,51145376265
320000,한울반도체,KOSDAQ,51116428650
000215,DL우,KOSPI,51089284500
020760,일진디스플,KOSPI,50984432422
025880,케이씨피드,KOSDAQ,50983366900
023960,에쓰씨엔지니어링,KOSPI,50968206500
286750,나노실리칸첨단소재,KOSDAQ,50893853773
263810,상신전자,KOSDAQ,50879815875
258610,케일럼,KOSDAQ,50823692759
097780,에코볼트,KOSDAQ,50796139104
081580,성우전자,KOSDAQ,50711627610
044960,이글벳,KOSDAQ,50693950830
011420,갤럭시아에스엠,KOSPI,50691344960
128540,에코캡,KOSDAQ,50578421700
393970,대진첨단소재,KOSDAQ,50428566500
123010,알엔티엑스,KOSDAQ,50374719830
300120,라온피플,KOSDAQ,50345584272
011300,우성머티리얼스,KOSPI,50344009675
051390,YW,KOSDAQ,50247503400
241840,에이스토리,KOSDAQ,50180368440
032960,동일기연,KOSDAQ,50139978750
263770,유에스티,KOSDAQ,50125863780
336060,웨이버스,KOSDAQ,50081408000
129890,앱코,KOSDAQ,50054616598
003060,에이프로젠바이오로직스,KOSPI,49800369095
335810,프리시젼바이오,KOSDAQ,49715631090
288980,모아데이타,KOSDAQ,49696963714
002920,유성기업,KOSPI,49663515000
186230,그린플러스,KOSDAQ,49632254460
290090,트윔,KOSDAQ,49626587560
481850,신한글로벌액티브리츠,KOSPI,49477581632
160550,NEW,KOSDAQ,49477525938
073570,리튬포어스,KOSDAQ,49413232261
140520,대창스틸,KOSDAQ,49395628620
001380,SG글로벌,KOSPI,49370629014
429270,시지트로닉스,KOSDAQ,48949663290
106240,파인테크닉스,KOSDAQ,48938219780
069410,엔텔스,KOSDAQ,48919034600
179530,애드바이오텍,KOSDAQ,48903880550
451700,엔에이치스팩29호,KOSDAQ,48790000000
037370,EG,KOSDAQ,48644842080
215380,우정바이오,KOSDAQ,48637474640
031310,아이즈비전,KOSDAQ,48447194332
019770,서연탑메탈,KOSDAQ,48405750000
373170,엠아이큐브솔루션,KOSDAQ,48364128000
206400,베노티앤알,KOSDAQ,48313083504
420570,제이투케이바이오,KOSDAQ,48300209580
347770,핌스,KOSDAQ,48228358620
011230,삼화전자,KOSPI,48201949275
239610,에이치엘사이언스,KOSDAQ,48151586950
006050,국영지앤엠,KOSDAQ,47980959125
363260,모비데이즈,KOSDAQ,47924015810
026040,제이에스티나,KOSDAQ,47860991000
083550,케이엠,KOSDAQ,47853262450
082660,코스나인,KOSDAQ,47827617120
224110,에이텍모빌리티,KOSDAQ,47654020680
418250,시큐레터,KOSDAQ,47629012750
450520,인스웨이브,KOSDAQ,47422264050
200780,비씨월드제약,KOSDAQ,47408863145
020180,대신정보통신,KOSDAQ,47305994365
101240,씨큐브,KOSDAQ,47302121580
057030,YBM넷,KOSDAQ,47225257815
052600,한네트,KOSDAQ,47122077500
153490,우리이앤엘하루틴,KOSDAQ,47104200000
080520,오디텍,KOSDAQ,47101254720
178780,일월지엠엘,KOSDAQ,47063967375
148250,알엔투테크놀로지,KOSDAQ,47022333540
023440,제이스코홀딩스,KOSDAQ,46964378481
363250,진시스템,KOSDAQ,46881184820
475460,미트박스,KOSDAQ,46812628500
050860,아세아텍,KOSDAQ,46800000000
220180,핸디소프트,KOSDAQ,46784796110
002880,디와이에이,KOSPI,46680447010
051630,진양화학,KOSPI,46640000000
351870,차이커뮤니케이션,KOSDAQ,46428270720
308170,씨티알모빌리티,KOSPI,46407900000
069460,대호에이엘,KOSPI,46322278464
022220,티케이지애강,KOSDAQ,46304353626
271830,팸텍,KOSDAQ,46299617140
024120,KB오토시스,KOSDAQ,46287500000
073540,에프알텍,KOSDAQ,46284000000
065650,하이퍼코퍼레이션,KOSDAQ,46192067250
014570,고려제약,KOSDAQ,46090000000
195500,마니커에프앤지,KOSDAQ,45936750000
049830,승일,KOSDAQ,45929518880
318020,포인트모바일,KOSDAQ,45822238200
204020,그리티,KOSDAQ,45806709360
256150,한독크린텍,KOSDAQ,45752750000
356890,싸이버원,KOSDAQ,45723380625
203450,유니온바이오메트릭스,KOSDAQ,45615982680
254120,자비스,KOSDAQ,45608582410
084870,TBH글로벌,KOSPI,45572149515
066910,손오공,KOSDAQ,45514551520
340810,시선AI,KOSDAQ,45505994960
032580,피델릭스,KOSDAQ,45457191808
080530,코디,KOSDAQ,45241363125
208860,다산디엠씨,KOSDAQ,45221364036
309930,조이웍스앤코,KOSDAQ,45105142416
005030,부산주공,KOSPI,45092532168
317240,TS트릴리온,KOSDAQ,45078019113
123570,이엠넷,KOSDAQ,44997677560
131760,파인텍,KOSDAQ,44995119988
008870,금비,KOSPI,44950000000
200230,텔콘RF제약,KOSDAQ,44916778724
065950,웰크론,KOSDAQ,44916001482
270520,앱튼,KOSDAQ,44822325516
074610,이엔플러스,KOSPI,44815400070
058110,멕아이씨에스,KOSDAQ,44620473400
383930,디티앤씨알오,KOSDAQ,44616606720
068050,팬엔터테인먼트,KOSDAQ,44587462360
008250,이건산업,KOSPI,44522461275
043200,파루,KOSDAQ,44437986845
359090,씨엔알리서치,KOSDAQ,44367393524
075970,동국알앤에스,KOSDAQ,44344000000
025750,한솔홈데코,KOSPI,44230264605
000760,이화산업,KOSPI,44212000000
003535,한화투자증권우,KOSPI,44160000000
288330,파라택시스코리아,KOSDAQ,44128768736
33637K,솔루스첨단소재1우,KOSPI,43962791600
133750,메가엠디,KOSDAQ,43818048144
038870,에코심플렉스,KOSDAQ,43726640880
228340,동양파일,KOSDAQ,43700000000
277410,인산가,KOSDAQ,43558646670
290520,신도기연,KOSDAQ,43407511450
387570,파인메딕스,KOSDAQ,43319430000
462510,라메디텍,KOSDAQ,43310587800
145270,케이탑리츠,KOSPI,43158575052
013810,스페코,KOSDAQ,43013804450
258790,소프트캠프,KOSDAQ,42935025912
046390,삼화네트웍스,KOSDAQ,42784376603
032790,엠젠솔루션,KOSDAQ,42783056596
406820,뷰티스킨,KOSDAQ,42479151785
012620,원일특강,KOSDAQ,42460000000
455180,케이지에이,KOSDAQ,42223905900
114630,폴라리스우노,KOSDAQ,42214821600
013720,THE CUBE&,KOSDAQ,42214731242
462980,아이지넷,KOSDAQ,42212721655
057680,티사이언티픽,KOSDAQ,42179112000
039290,인포뱅크,KOSDAQ,42165793300
221980,케이디켐,KOSDAQ,42082964000
045060,오공,KOSDAQ,41931385650
440320,오픈놀,KOSDAQ,41875800000
159910,에코글로우,KOSDAQ,41868388000
131100,티엔엔터테인먼트,KOSDAQ,41695014132
318410,비비씨,KOSDAQ,41664322500
398120,에스지헬스케어,KOSDAQ,41660251275
064520,테크엘,KOSDAQ,41640028506
296640,이노에이엑스,KOSDAQ,41633146080
075130,플랜티넷,KOSDAQ,41555800000
019490,엑시큐어하이트론,KOSPI,41349858070
475660,에스켐,KOSDAQ,41235142000
109820,진매트릭스,KOSDAQ,41093184600
014910,성문전자,KOSPI,41047928646
298060,풍전약품,KOSDAQ,40976344152
021880,메이슨캐피탈,KOSDAQ,40951590744
007720,소노스퀘어,KOSDAQ,40924982700
035200,프럼파스트,KOSDAQ,40868478000
195990,에이비프로바이오,KOSDAQ,40784836496
001000,신라섬유,KOSDAQ,40713434580
238490,힘스,KOSDAQ,40497804880
290270,휴네시온,KOSDAQ,40448299120
148780,비큐AI,KOSDAQ,40407756625
115160,휴맥스,KOSDAQ,40404770540
017040,광명전기,KOSPI,40390657180
270870,뉴트리,KOSDAQ,40204978880
005320,온타이드,KOSPI,40204905720
090150,아이윈,KOSDAQ,40200281280
140430,카티스,KOSDAQ,40192549328
086060,진바이오텍,KOSDAQ,40168388355
237750,피앤씨테크,KOSDAQ,40148988000
290560,파라택시스이더리움,KOSDAQ,40141100350
010640,진양폴리,KOSPI,40080000000
469750,아이비젼웍스,KOSDAQ,40003974441
257370,피엔티엠에스,KOSDAQ,39953030895
351320,넥사다이내믹스,KOSDAQ,39944673490
318000,KBG,KOSDAQ,39942819110
005820,원림,KOSPI,39915738900
452980,신한제11호스팩,KOSDAQ,39889550000
002360,SH에너지화학,KOSPI,39785875340
016670,디모아,KOSDAQ,39757512600
025440,DH오토웨어,KOSDAQ,39707916336
064090,인크레더블버즈,KOSDAQ,39694710510
169330,엠브레인,KOSDAQ,39564542880
187270,신화콘텍,KOSDAQ,39560995500
239340,이스트에이드,KOSDAQ,39552143444
002870,신풍,KOSPI,39433413600
285800,진영,KOSDAQ,39236471150
065370,위세아이텍,KOSDAQ,39208795740
376980,원티드랩,KOSDAQ,39065576000
464580,닷밀,KOSDAQ,39020908680
050120,ES큐브,KOSDAQ,38793285960
099390,브레인즈컴퍼니,KOSDAQ,38661012930
134790,시디즈,KOSPI,38660000000
353590,오토앤,KOSDAQ,38562332150
059100,아이컴포넌트,KOSDAQ,38536187000
263920,휴엠앤씨,KOSDAQ,38206156270
021650,한국큐빅,KOSDAQ,38096811790
056730,CNT85,KOSDAQ,38093149604
038620,위즈코프,KOSDAQ,38091920895
004365,세방우,KOSPI,38036167500
024070,WISCOM,KOSPI,38009566240
357430,마스턴프리미어리츠,KOSPI,37979107215
019175,신풍제약우,KOSPI,37833370000
317120,라닉스,KOSDAQ,37768500000
130500,GH신소재,KOSDAQ,37671684680
262840,아이퀘스트,KOSDAQ,37618350900
001810,무림SP,KOSDAQ,37611612500
045510,정원엔시스,KOSDAQ,37556034472
006200,한국전자홀딩스,KOSPI,37489311936
438700,버넥트,KOSDAQ,37446830400
066900,디에이피,KOSDAQ,37391962932
094860,네오리진,KOSDAQ,37388810846
024890,대원화성,KOSPI,37371731712
424760,벨로크,KOSDAQ,37321684179
177830,파버나인,KOSDAQ,37243304760
000040,KR모터스,KOSPI,37227704304
051380,피씨디렉트,KOSDAQ,37122974240
342870,오아,KOSDAQ,37115841570
001070,대한방직,KOSPI,37100000000
274400,이노시뮬레이션,KOSDAQ,36891161580
146060,율촌,KOSDAQ,36887953920
038880,아이에이,KOSDAQ,36707958309
303530,이노뎁,KOSDAQ,36696495000
377030,비트맥스,KOSDAQ,36681654800
017000,신원종합개발,KOSDAQ,36579264645
071850,캐스텍코리아,KOSDAQ,36464189814
301300,바이브컴퍼니,KOSDAQ,36438552240
462310,뉴키즈온,KOSDAQ,36423788450
187220,디티앤씨,KOSDAQ,36418788280
090370,메타랩스,KOSPI,36385750629
053290,NE능률,KOSDAQ,36357875400
291230,엔피,KOSDAQ,36290822825
002025,코오롱우,KOSPI,36263656250
060540,에스에이티,KOSDAQ,36246895422
196490,디에이테크놀로지,KOSDAQ,36245520080
225220,제놀루션,KOSDAQ,36230759648
115610,이미지스,KOSDAQ,36224526985
142760,모아라이프플러스,KOSDAQ,36221435820
049120,파인디앤씨,KOSDAQ,36045656920
013000,세우글로벌,KOSPI,35996108874
284620,카이노스메드,KOSDAQ,35965517911
377220,프롬바이오,KOSDAQ,35925390000
044480,빌리언스,KOSDAQ,35895358960
038530,케이바이오랩스,KOSDAQ,35871447570
009140,경인전자,KOSPI,35814171600
009810,플레이그램,KOSPI,35784695000
118000,메타케어,KOSPI,35729691712
068940,셀피글로벌,KOSDAQ,35720093048
900340,윙입푸드,KOSDAQ,35583966096
015260,에이엔피,KOSPI,35573254970
208710,포톤,KOSDAQ,35520455740
431190,케이쓰리아이,KOSDAQ,35410870660
027580,상보,KOSDAQ,35390404842
131220,대한과학,KOSDAQ,35371555050
016100,리더스코스메틱,KOSDAQ,35336653900
123840,뉴온,KOSDAQ,35328140385
263050,유틸렉스,KOSDAQ,35324626904
038950,파인디지털,KOSDAQ,35278193075
079170,한창산업,KOSDAQ,35204000000
002690,동일제강,KOSPI,35099322440
210120,캔버스엔,KOSDAQ,35047393188
048470,대동스틸,KOSDAQ,34981250000
006740,블루산업개발,KOSPI,34755108680
252500,세화피앤씨,KOSDAQ,34641135650
900310,컬러레이,KOSDAQ,34518462825
138070,신진에스엠,KOSDAQ,34411299064
333050,이노테나,KOSDAQ,34286363118
303030,지니틱스,KOSDAQ,34248960988
054220,비츠로시스,KOSDAQ,33950288388
089140,넥스턴앤롤코리아,KOSDAQ,33925458310
405920,나라셀라,KOSDAQ,33869339880
397810,애드포러스,KOSDAQ,33854651200
33626L,두산퓨얼셀2우B,KOSPI,33804916000
088790,진도,KOSPI,33795624960
109960,앱토크롬,KOSDAQ,33780758157
045300,성우테크론,KOSDAQ,33697703340
367000,플래티어,KOSDAQ,33552828000
198940,한주라이트메탈,KOSDAQ,33512684058
446070,유니드비티플러스,KOSPI,33478383325
310870,디와이씨,KOSDAQ,33472004478
014130,한익스프레스,KOSPI,33420000000
027040,서울전자통신,KOSDAQ,33402646560
033050,제이엠아이,KOSDAQ,33393825550
236810,엔비티,KOSDAQ,33356712090
115480,씨유메디칼,KOSDAQ,33222257784
023150,MH에탄올,KOSPI,33203367000
018680,서울제약,KOSDAQ,33112465960
024940,PN풍년,KOSDAQ,33050000000
047080,한빛소프트,KOSDAQ,32839984926
085810,알티캐스트,KOSDAQ,32838561030
900070,글로벌에스엠,KOSDAQ,32783820480
069140,누리플랜,KOSDAQ,32682415660
005360,모나미,KOSPI,32654546496
023790,동일스틸럭스,KOSDAQ,32648381633
039740,한국정보공학,KOSDAQ,32634875790
030720,동원수산,KOSPI,32576635000
032750,삼진,KOSDAQ,32557194810
008470,부스타,KOSDAQ,32526576000
148930,에이치와이티씨,KOSDAQ,32509805535
009460,한창제지,KOSPI,32459112384
002420,세기상사,KOSPI,32416817640
063760,이엘피,KOSDAQ,32404826750
096690,에이루트,KOSDAQ,32271239861
039310,세중,KOSDAQ,32256567260
131090,시큐브,KOSDAQ,32164528200
060380,동양에스텍,KOSDAQ,32130700000
377330,이지트로닉스,KOSDAQ,32112118530
003680,한성기업,KOSPI,32041097400
101000,KS인더스트리,KOSDAQ,32030693984
033250,체시스,KOSPI,31968000000
019570,플루토스,KOSDAQ,31756009698
019660,글로본,KOSDAQ,31653635910
067730,로지시스,KOSDAQ,31585355330
335870,윙스풋,KOSDAQ,31423887348
080470,성창오토텍,KOSDAQ,31353500000
010400,우진아이엔에스,KOSPI,31288310000
004870,티웨이홀딩스,KOSPI,31233124344
258830,세종메디칼,KOSDAQ,31223976612
304840,피플바이오,KOSDAQ,31197792573
354200,엔젠바이오,KOSDAQ,31072500250
068100,케이웨더,KOSDAQ,31011593600
457600,벡트,KOSDAQ,30978950000
465770,STX그린로지스,KOSPI,30978858240
432980,엠에프씨,KOSDAQ,30930271200
008775,호텔신라우,KOSPI,30827039000
091340,S&K폴리텍,KOSDAQ,30780786230
065770,CS,KOSDAQ,30747229920
191410,육일씨엔에쓰,KOSDAQ,30643637425
006570,대림통상,KOSPI,30602250000
188040,바이오포트,KOSDAQ,30415502000
139670,키네마스터,KOSDAQ,30355441500
328380,솔트웨어,KOSDAQ,30322558530
042040,케이피엠테크,KOSDAQ,30318387174
103230,에스앤더블류,KOSDAQ,30240000000
246250,에스엘에스바이오,KOSDAQ,30220617614
227610,아우딘퓨쳐스,KOSDAQ,30209513324
224060,더코디,KOSDAQ,30190223700
196700,웹스,KOSDAQ,30092881680
060900,에이전트AI,KOSDAQ,30052779690
372800,아이티아이즈,KOSDAQ,29943239195
083640,인콘,KOSDAQ,29922335135
002820,SUN&L,KOSPI,29880933930
069640,한세엠케이,KOSPI,29841130332
368600,아이씨에이치,KOSDAQ,29828788128
021040,대호특수강,KOSDAQ,29735540380
362990,드림인사이트,KOSDAQ,29653013110
405000,플라즈맵,KOSDAQ,29517634360
044780,에이치케이,KOSDAQ,29498224478
109670,씨싸이트,KOSDAQ,29474840100
318010,팜스빌,KOSDAQ,29338550600
032080,아즈텍WB,KOSDAQ,29292272527
418620,E8,KOSDAQ,29239752621
031510,오스템,KOSDAQ,29092000000
373110,엑셀세라퓨틱스,KOSDAQ,29037287526
222980,한국맥널티,KOSDAQ,28902485460
900110,이스트아시아홀딩스,KOSDAQ,28651676865
076080,웰크론한텍,KOSDAQ,28581607340
123750,알톤,KOSDAQ,28536769835
091970,나노캠텍,KOSDAQ,28519144571
034940,조아제약,KOSDAQ,28501440840
036480,대성미생물,KOSDAQ,28462000000
054090,삼진엘앤디,KOSDAQ,28403606016
032680,소프트센,KOSDAQ,28298324752
052300,오션인더블유,KOSDAQ,28281026848
355690,에이텀,KOSDAQ,28268045400
002355,넥센타이어1우B,KOSPI,28145000000
016920,카스,KOSDAQ,28109643818
093380,풍강,KOSDAQ,28007852355
037400,우리엔터프라이즈,KOSDAQ,27796746760
044380,주연테크,KOSPI,27727080260
240600,유진테크놀로지,KOSDAQ,27712604000
417180,핑거스토리,KOSDAQ,27709275717
131180,딜리,KOSDAQ,27618350000
101400,엔시트론,KOSDAQ,27616686160
007770,한일화학,KOSDAQ,27518400000
208350,지란지교시큐리티,KOSDAQ,27423814450
312610,에이에프더블류,KOSDAQ,27346798800
083660,CSA 코스믹,KOSDAQ,27330814665
279600,미디어젠,KOSDAQ,27312273230
208640,썸에이지,KOSDAQ,27291089784
004270,남성,KOSPI,27267756480
043220,티에스넥스젠,KOSDAQ,27227331360
226340,본느,KOSDAQ,27143215740
267790,배럴,KOSDAQ,27066367680
900100,애머릿지,KOSDAQ,27066137526
464680,KB제27호스팩,KOSDAQ,26971450000
023770,플레이위드,KOSDAQ,26750020050
900270,헝셩그룹,KOSDAQ,26649936768
331520,밸로프,KOSDAQ,26602075970
070590,인티큐브,KOSDAQ,26523764631
115530,씨엔플러스,KOSDAQ,26491522848
197140,디지캡,KOSDAQ,26481768390
193250,링크드,KOSDAQ,26470488132
005110,한창,KOSPI,26467434378
067010,이씨에스,KOSDAQ,26459055000
143210,핸즈코퍼레이션,KOSPI,26229020653
003495,대한항공우,KOSPI,26159198700
006345,대원전선우,KOSPI,26054728000
012170,아센디오,KOSPI,26006409936
079650,서산,KOSDAQ,26000000000
011090,에넥스,KOSPI,25676422348
001515,SK증권우,KOSPI,25646529270
121890,에스디시스템,KOSDAQ,25439827644
054940,엑사이엔씨,KOSDAQ,25377764220
353190,휴럼,KOSDAQ,25202188800
088290,이원컴포텍,KOSDAQ,25124629320
352940,인바이오,KOSDAQ,25050117650
101680,한국정밀기계,KOSDAQ,24917860000
415380,스튜디오삼익,KOSDAQ,24831255750
092600,앤씨앤,KOSDAQ,24757431279
060230,제이케이시냅스,KOSDAQ,24753962608
154030,아시아종묘,KOSDAQ,24726827350
225590,패션플랫폼,KOSDAQ,24326537900
115570,스타플렉스,KOSDAQ,24232981780
078860,스테이지원엔터,KOSDAQ,24130754625
130740,티피씨글로벌,KOSDAQ,24075709665
00499K,롯데지주우,KOSPI,23886128950
348030,모비릭스,KOSDAQ,23817424000
043360,디지아이,KOSDAQ,23760000000
009730,이렘,KOSDAQ,23471905002
113810,디젠스,KOSDAQ,23459568669
009310,참엔지니어링,KOSPI,23307603810
025890,한국주강,KOSPI,23297073540
238200,비피도,KOSDAQ,23231200000
001420,태원물산,KOSPI,23180000000
001685,대상우,KOSPI,23143066470
084440,유비온,KOSDAQ,23142827200
065150,대산F&B,KOSDAQ,23110448725
002680,한탑,KOSDAQ,23106511285
308100,형지글로벌,KOSDAQ,23062087680
083470,이엠앤아이,KOSDAQ,23047555320
365900,브이씨,KOSDAQ,22844687500
389680,유디엠텍,KOSDAQ,22834263285
032280,삼일,KOSDAQ,22666598820
137940,넥스트아이,KOSDAQ,22452044896
017250,인터엠,KOSDAQ,22434467822
028080,휴맥스홀딩스,KOSDAQ,22353183570
054410,케이피티유,KOSDAQ,22189970500
053060,세동,KOSDAQ,22107088588
048830,엔피케이,KOSDAQ,22075505217
050760,에스폴리텍,KOSDAQ,22019145944
098660,에스티오,KOSDAQ,21964214832
289010,아이스크림에듀,KOSDAQ,21963778200
275630,에스에스알,KOSDAQ,21908379360
045520,크린앤사이언스,KOSDAQ,21807500000
192390,윈하이텍,KOSDAQ,21612136611
080720,한국유니온제약,KOSDAQ,21562456300
110020,전진바이오팜,KOSDAQ,21559853560
018620,우진비앤지,KOSDAQ,21551412578
084180,수성웹툰,KOSDAQ,21526471053
065420,에스아이리소스,KOSDAQ,21473189700
230980,비유테크놀러지,KOSDAQ,21370407553
247660,나노씨엠에스,KOSDAQ,21350366800
291810,핀텔,KOSDAQ,21316335000
134060,이퓨쳐,KOSDAQ,21247008750
45226K,한화갤러리아우,KOSPI,21202631000
058450,한주에이알티,KOSDAQ,21031095540
154040,다산솔루에타,KOSDAQ,21001609980
014100,메디앙스,KOSDAQ,20862400000
065690,파커스,KOSDAQ,20596319246
215480,토박스코리아,KOSDAQ,20563200000
322780,코퍼스코리아,KOSDAQ,20552362532
019685,대교우B,KOSPI,20514901440
177350,베셀,KOSDAQ,20420263913
001770,SHD,KOSPI,20397801620
199730,바이오인프라,KOSDAQ,20333054060
060480,국일신동,KOSDAQ,20194890000
419540,비스토스,KOSDAQ,20164432147
096870,엘디티,KOSDAQ,20076937595
015020,이스타코,KOSPI,19883142400
060260,뉴보텍,KOSDAQ,19826741016
018700,바른손,KOSDAQ,19702183677
361670,삼영에스앤씨,KOSDAQ,19496743520
005257,녹십자홀딩스2우,KOSPI,19415470500
214610,롤링스톤,KOSDAQ,19197807380
043590,웰킵스하이텍,KOSDAQ,18860049590
051780,큐로홀딩스,KOSDAQ,18764775115
031860,디에이치엑스컴퍼니,KOSDAQ,18714758139
011080,형지I&C,KOSDAQ,18688740570
067770,세진티에스,KOSDAQ,18682419425
344860,이노진,KOSDAQ,18562290000
032980,바이온,KOSDAQ,18354952980
020400,대동금속,KOSDAQ,18146354540
035620,바른손이앤에이,KOSDAQ,18088841025
071950,코아스,KOSPI,18015995970
025870,신라에스지,KOSDAQ,17760000000
18064K,한진칼우,KOSPI,17713278000
008600,윌비스,KOSPI,17615839860
368970,오에스피,KOSDAQ,17586157050
009440,KC그린홀딩스,KOSPI,17568790596
108675,LX하우시스우,KOSPI,17487670200
069330,유아이디,KOSDAQ,17469233021
008290,원풍물산,KOSDAQ,17009957822
276730,한울앤제주,KOSDAQ,16988932649
005725,넥센우,KOSPI,16958826000
241820,피씨엘,KOSDAQ,16803871920
477380,미래에셋비전스팩4호,KOSDAQ,16686000000
482680,미래에셋비전스팩7호,KOSDAQ,16676450000
035290,골드앤에스,KOSDAQ,16448385600
012340,뉴인텍,KOSDAQ,16215948294
069920,엑시온그룹,KOSDAQ,16082982714
001795,대한제당우,KOSPI,16044831000
002070,비비안,KOSPI,16044607335
204210,스타에스엠리츠,KOSPI,15927568525
106520,노블엠앤비,KOSDAQ,15904036272
000087,하이트진로2우B,KOSPI,15878438900
0072Z0,KB제33호스팩,KOSDAQ,15762115000
008500,일정실업,KOSPI,15750000000
032800,판타지오,KOSDAQ,15717313836
050090,비케이홀딩스,KOSDAQ,15709079590
009620,삼보산업,KOSDAQ,15632330814
073190,듀오백,KOSDAQ,15558452000
001755,한양증권우,KOSPI,15540000000
0101C0,하나36호스팩,KOSDAQ,15472260000
250930,예선테크,KOSDAQ,15411205480
0130H0,엔에이치스팩33호,KOSDAQ,15384600000
900120,씨엑스아이,KOSDAQ,15350152533
0044K0,삼성스팩10호,KOSDAQ,15340800000
079950,인베니아,KOSDAQ,15317001000
477340,에이치엠씨제7호스팩,KOSDAQ,15245300000
469880,하나30호스팩,KOSDAQ,15230925000
030350,드래곤플라이,KOSDAQ,15171092867
188260,세니젠,KOSDAQ,14962932900
0115H0,삼성스팩13호,KOSDAQ,14810250000
227100,프로브잇,KOSDAQ,14770119384
473050,유안타제15호스팩,KOSDAQ,14475650000
225430,케이엠제약,KOSDAQ,14417604850
478440,미래에셋비전스팩6호,KOSDAQ,14102550000
479880,한국제15호스팩,KOSDAQ,14083500000
0099W0,미래에셋비전스팩11호,KOSDAQ,14035000000
140910,에이리츠,KOSPI,13969290160
00806K,대덕1우,KOSPI,13857240510
33637L,솔루스첨단소재2우B,KOSPI,13771888920
065060,지엔코,KOSDAQ,13661661496
026910,광진실업,KOSDAQ,13643512650
352770,셀레스트라,KOSDAQ,13610136750
489480,키움제11호스팩,KOSDAQ,13431000000
244460,올리패스,KOSDAQ,13415218661
121850,코이즈,KOSDAQ,13325192365
481890,엔에이치스팩31호,KOSDAQ,13324500000
0129K0,신한제18호스팩,KOSDAQ,13235100000
004105,태양금속우,KOSPI,13216500000
0096B0,삼성스팩12호,KOSDAQ,13192900000
084695,대상홀딩스우,KOSPI,13154140800
00781K,코리아써키트2우B,KOSPI,13126958250
38380K,LX홀딩스1우,KOSPI,13026383650
477760,DB금융스팩12호,KOSDAQ,13023200000
489730,디비금융제13호스팩,KOSDAQ,13012260000
0097F0,미래에셋비전스팩10호,KOSDAQ,12987000000
478390,KB제29호스팩,KOSDAQ,12875400000
471050,대신밸런스제17호스팩,KOSDAQ,12847200000
0093G0,미래에셋비전스팩8호,KOSDAQ,12787200000
0099X0,IBKS제25호스팩,KOSDAQ,12767300000
0037T0,KB제32호스팩,KOSDAQ,12723300000
0054V0,엔에이치스팩32호,KOSDAQ,12712742500
054180,메디콕스,KOSDAQ,12686716395
004255,NPC우,KOSPI,12672000000
079190,케스피온,KOSDAQ,12657319620
0091W0,신영스팩11호,KOSDAQ,12621440000
0131D0,키움히어로제2호스팩,KOSDAQ,12620000000
492220,KB제31호스팩,KOSDAQ,12575250000
145995,삼양사우,KOSPI,12563876500
0088D0,메리츠제1호스팩,KOSDAQ,12546175000
482520,교보16호스팩,KOSDAQ,12505000000
065570,삼영이엔씨,KOSDAQ,12295692232
0041L0,하나35호스팩,KOSDAQ,12120300000
482690,대신밸런스제19호스팩,KOSDAQ,11988025000
0132G0,교보20호스팩,KOSDAQ,11940000000
003075,코오롱글로벌우,KOSPI,11696237230
001067,JW중외제약2우B,KOSPI,11611506900
0071M0,삼성스팩11호,KOSDAQ,11606400000
477470,미래에셋비전스팩5호,KOSDAQ,11590200000
469900,하나31호스팩,KOSDAQ,11546300000
060240,스타코링크,KOSDAQ,11502414560
487360,신한제14호스팩,KOSDAQ,11392800000
0105P0,유진스팩12호,KOSDAQ,11348300000
474660,신한제12호스팩,KOSDAQ,11343600000
496070,신한제16호스팩,KOSDAQ,11296200000
474490,유안타제16호스팩,KOSDAQ,11267950000
0098T0,교보19호스팩,KOSDAQ,11043000000
0096D0,미래에셋비전스팩9호,KOSDAQ,11000000000
03481K,해성산업1우,KOSDAQ,10972483800
486630,KB제30호스팩,KOSDAQ,10912050000
489210,교보17호스팩,KOSDAQ,10878000000
0004Y0,디비금융제14호스팩,KOSDAQ,10789450000
493790,유안타제17호스팩,KOSDAQ,10657170000
0130D0,신한제17호스팩,KOSDAQ,10637280000
043100,알파AI,KOSDAQ,10457241600
0041B0,교보18호스팩,KOSDAQ,10291680000
466690,키움히어로제1호스팩,KOSDAQ,10266425000
478110,이베스트스팩6호,KOSDAQ,10190600000
498390,한화플러스제5호스팩,KOSDAQ,10118400000
000225,유유제약1우,KOSPI,10087838500
472220,신영스팩10호,KOSDAQ,10036600000
012205,계양전기우,KOSPI,9855335970
488060,유진스팩11호,KOSDAQ,9817600000
004835,덕성우,KOSPI,9549120000
106080,케이이엠텍,KOSDAQ,9506998050
145210,다이나믹디자인,KOSPI,9461013632
484130,하나34호스팩,KOSDAQ,9243400000
462020,에이치엠씨제6호스팩,KOSDAQ,9146225000
469480,IBKS제24호스팩,KOSDAQ,9115650000
467930,IBKS제23호스팩,KOSDAQ,9052200000
473950,에스케이증권제13호스팩,KOSDAQ,9016800000
464440,한국제13호스팩,KOSDAQ,9007200000
001065,JW중외제약우,KOSPI,8993311300
465320,교보15호스팩,KOSDAQ,8896350000
487830,신한제15호스팩,KOSDAQ,8895750000
468760,유진스팩10호,KOSDAQ,8861600000
487720,키움제10호스팩,KOSDAQ,8629200000
0068Y0,비엔케이제3호스팩,KOSDAQ,8620000000
004985,성신양회우,KOSPI,8570264250
472230,에스케이증권제11호스팩,KOSDAQ,8559300000
0041J0,엘에스스팩1호,KOSDAQ,8220000000
475250,하나33호스팩,KOSDAQ,7733000000
474930,신한제13호스팩,KOSDAQ,7692500000
000325,노루홀딩스우,KOSPI,7684286450
079970,투비소프트,KOSDAQ,7646223464
009415,태영건설우,KOSPI,7279708800
26490K,크라운제과우,KOSPI,7263728400
276040,스코넥,KOSDAQ,7073119545
473000,에스케이증권제12호스팩,KOSDAQ,6901350000
101390,아이엠,KOSDAQ,6698084184
475240,하나32호스팩,KOSDAQ,6656000000
090355,노루페인트우,KOSPI,6354088720
000145,하이트진로홀딩스우,KOSPI,5649720000
044180,KD,KOSDAQ,5477148795
000545,흥국화재우,KOSPI,5391360000
313760,캐리,KOSDAQ,5244963048
36328K,티와이홀딩스우,KOSPI,5071497120
007575,일양약품우,KOSPI,4913683200
043090,더테크놀로지,KOSDAQ,4718944500
052770,아이톡시,KOSDAQ,4545457488
005965,동부건설우,KOSPI,4514640000
002995,금호건설우,KOSPI,4497973740
005745,크라운해태홀딩스우,KOSPI,4439365140
014825,동원시스템즈우,KOSPI,4402730370
008355,남선알미우,KOSPI,4304302200
014285,금강공업우,KOSPI,4229403750
152550,한국ANKOR유전,KOSPI,4061160000
004545,깨끗한나라우,KOSPI,3881296000
000227,유유제약2우B,KOSPI,3519303600
139050,BF랩스,KOSDAQ,3224417523
002785,진흥기업우B,KOSPI,2995976910
001525,동양우,KOSPI,2724193710
004415,서울식품우,KOSPI,2653828500
011155,CJ씨푸드1우,KOSPI,2652000000
014915,성문전자우,KOSPI,2652000000
002787,진흥기업2우B,KOSPI,2502919920
021045,대호특수강우,KOSDAQ,2375777600
001527,동양2우B,KOSPI,2311181810
032685,소프트센우,KOSDAQ,2239280340
217620,선샤인푸드,KOSDAQ,429140307
